weight_class,round,winner,winner_school,win_method,score,loser,loser_school
103,Champ. Round 1,Alexis Hatfield,Avila,Dec,7-0,Nayeli Flores Roque,Eastern Oregon
103,Champ. Round 1,Karina Vang,Doane,TF,12-2,Eyvori Jacquez,Saint Mary
103,Champ. Round 1,Katherine Hernandez,Life,Fall,3:18,Morgan Repasky,Montreat
110,Champ. Round 1,Anaya Falcon,Life,Dec,9-2,Rodiah Adeduntan,Lindsey Wilson
110,Champ. Round 1,Hailey Holland,Missouri Valley,TF,10-0,Allison Hancher,Indiana Tech
110,Champ. Round 1,Lita Cruz,Grand View,Fall,0:59,Iby Garcia,Oklahoma City
110,Champ. Round 1,Reagan Thomas,Lindsey Wilson,Dec,4-4,Jenna Gerhardt,Dickinson State
110,Champ. Round 1,Tristan Nitta,Grand View,Fall,2:00,Sarah Pineda,Missouri Valley
117,Champ. Round 1,Shammilka Miranda,Cumberlands,Dec,6-0,Marissa Kurtz,Southern Oregon
117,Champ. Round 1,Jasmine Howard,Southern Oregon,TF,10-0,Larhae Whaley,Dickinson State
117,Champ. Round 1,Katherine Heath,Baker,TF,15-2,Kendall Martin,Ottawa
124,Champ. Round 1,Cristelle Rodriguez,Doane,Fall,1:12,Presley Anderson,Cumberlands
124,Champ. Round 1,Kamilah Brooks,Lindsey Wilson,TF,10-0,Kaylee Annis,Southern Oregon
124,Champ. Round 1,Rose Kaplan,Indiana Tech,TF,12-1,Ariana Martinez,Life
124,Champ. Round 1,Jasmina Immaeva,Missouri Valley,TF,15-4,Jill High,York
124,Champ. Round 1,Joanna Vanderwood,William Penn,TF,10-0,Kadence Beck,Eastern Oregon
124,Champ. Round 1,Anna Krejsa,Life,Fall,2:18,Sydney Bridenstine,Lindsey Wilson
124,Champ. Round 1,Alyssa Randles,Providence,Dec,8-1,Malia Welch,Southern Oregon
124,Champ. Round 1,Ellabelle Taylor,Evergreen State,Dec,6-2,Emily Paulino,Midland
124,Champ. Round 1,Katie Gomez,Cumberlands,TF,10-0,Chloe Herrick,Missouri Baptist
131,Champ. Round 1,Ashlee Palimoo,Doane,Dec,4-2,Annabelle Suto,Cumberlands
131,Champ. Round 1,Jumoke Adekoye,Dickinson State,TF,11-0,Nicole Redmond,Avila
131,Champ. Round 1,Larissa Kaz,Hastings,TF,10-0,Andrea Hernandez,Indiana Tech
131,Champ. Round 1,Sarah Savidge,Life,TF,10-0,Keera Lacock,Dakota Wesleyan
131,Champ. Round 1,Xochitl Mota-Pettis,Missouri Valley,TF,10-0,Keira Nartatez,Midland
131,Champ. Round 1,Olivia Mottley,Life,TF,11-0,Destiny Campbell,Oklahoma City
131,Champ. Round 1,Mary Jane Porter,Cumberlands,Fall,4:01,Emma Truex,Ottawa
138,Champ. Round 1,Gabriella Perez,Campbellsville,Dec,9-1,Lilly Gough,Central Methodist
138,Champ. Round 1,Kendall Bostelman,William Penn,Fall,0:30,Tabitha Wood,Hastings
138,Champ. Round 1,Isabelle Hawley,William Penn,Fall,0:29,Jaclyn Riedinger,Avila
138,Champ. Round 1,Serenity De La Garza,Missouri Valley,TF,10-0,Livia Swift,Ottawa
145,Champ. Round 1,Jamilah McBryde,Life,Fall,1:05,Holland Wieber,Southern Oregon
145,Champ. Round 1,Lisa Hoeflich,Hastings,Dec,7-2,Makena Schramm,Midland
145,Champ. Round 1,Sevreign Aumua,Missouri Valley,TF,12-0,Aevri Ciha,Doane
145,Champ. Round 1,Esther Kolawole,William Penn,TF,10-0,Alivia Ming,Cumberlands
145,Champ. Round 1,Anastasia Hardin,Missouri Baptist,Fall,3:46,Aniseta Acosta,Missouri Valley
145,Champ. Round 1,Josselinne Campos,Lindsey Wilson,Dec,5-4,Esther Han,Providence
145,Champ. Round 1,Liv Wieber,Eastern Oregon,Fall,2:35,Makayla Munoz,Oklahoma City
160,Champ. Round 1,Abigail Sebesta,Ottawa,Fall,1:04,Isabella Deeds,Hastings
160,Champ. Round 1,Josette Partney,Missouri Baptist,TF,10-0,Mohagany Casel,Wayland Baptist
160,Champ. Round 1,Quilaztli Miguel,Southern Oregon,Fall,2:24,Amelia Frounfelter,Saint Mary
160,Champ. Round 1,Darby Weidl,Ottawa,TF,10-0,Lamia Benn,Doane
180,Champ. Round 1,Saiheron Preciado-Meza,Cumberlands,Fall,2:42,Emma Schreiber,Missouri Baptist
180,Champ. Round 1,Bailey Dennis,Southern Oregon,Dec,10-3,Ella Murphey,Oklahoma City
180,Champ. Round 1,Yazmin Belk,Doane,Fall,2:59,Kaylee Davis,Ottawa
180,Champ. Round 1,America Lopez,William Penn,Fall,3:00,Catherine McNulty,Indiana Tech
180,Champ. Round 1,India Page,Lindsey Wilson,Dec,7-3,Kyree Rubio,Westcliff
207,Champ. Round 1,Olivia Brown,Grand View,Dec,3-0,Brianna Staebler,Campbellsville
207,Champ. Round 1,Hailey Romero,Doane,Fall,1:50,Kena Leonard,Ottawa
207,Champ. Round 1,Bella Porcelli,Grand View,Fall,1:47,Naomi Duenas,Cumberlands
103,Champ. Round 2,Erin Hikiji,Providence,Fall,0:53,Alexis Hatfield,Avila
103,Champ. Round 2,Angelina Casteneda,Cumberlands,Fall,1:47,Devyn Moore,Grand View
103,Champ. Round 2,Judy Sandoval,Grand View,Fall,2:35,Sofia Abramson,Oklahoma City
103,Champ. Round 2,Karina Vang,Doane,Fall,3:35,Olivia Atkins,William Penn
103,Champ. Round 2,Alexis Miller,Oklahoma City,Fall,1:37,Lillian Zapata,William Penn
103,Champ. Round 2,Dutchess King,Cumberlands,TF,10-0,Alanis Serrano-Rios,Waldorf
103,Champ. Round 2,Makayla Young,Indiana Tech,Dec,3-1,Isabella Bocanegra,Providence
103,Champ. Round 2,Katherine Hernandez,Life,Dec,4-4,Malarie Dominguez,Wayland Baptist
110,Champ. Round 2,Anaya Falcon,Life,Fall,2:23,Kayla Shota,Providence
110,Champ. Round 2,Alexsys Jacquez,Saint Mary,TF,13-2,Hailey Holland,Missouri Valley
110,Champ. Round 2,Lita Cruz,Grand View,Fall,1:39,Telsarina Walter,Eastern Oregon
110,Champ. Round 2,Emma Baertlein,Southern Oregon,TF,10-0,Jaden Breeden,Doane
110,Champ. Round 2,Paige Morales,Providence,Fall,1:29,Reagan Thomas,Lindsey Wilson
110,Champ. Round 2,Tehani Soares,Indiana Tech,Dec,6-0,Nia Avelino,Eastern Oregon
110,Champ. Round 2,Tristan Nitta,Grand View,Fall,2:40,Nizhoni Tallman-Olney,Evergreen State
110,Champ. Round 2,Stefana Jelacic,Lourdes,TF,14-2,Aynsley Fink,Ottawa
117,Champ. Round 2,Christianah Ogunsanya,William Penn,TF,12-2,Callie Payton,Lindsey Wilson
117,Champ. Round 2,Shammilka Miranda,Cumberlands,Fall,2:13,Victoria Nunez,Central Methodist
117,Champ. Round 2,Jasmine Howard,Southern Oregon,Fall,0:58,Julia Breeden,Doane
117,Champ. Round 2,Cailin Campbell,Grand View,TF,12-0,Jamesa Robinson,Brewton-Parker
117,Champ. Round 2,Salyna Shotwell,Life,Fall,4:08,Irma Retano,Eastern Oregon
117,Champ. Round 2,Mayangelie Colon Davila,Grand View,TF,10-0,Mora Peterson,Doane
117,Champ. Round 2,Katherine Heath,Baker,TF,12-1,Icart Galumette,Campbellsville
117,Champ. Round 2,Camille Fournier,Texas Wesleyan,Fall,2:25,Alicia Frank,Providence
124,Champ. Round 2,Cristelle Rodriguez,Doane,Fall,0:48,Tess Barnett,Wayland Baptist
124,Champ. Round 2,Kamilah Brooks,Lindsey Wilson,Dec,9-6,Kylie Robledo,Baker
124,Champ. Round 2,Rose Kaplan,Indiana Tech,Dec,8-3,Catherine Steinkamp,William Penn
124,Champ. Round 2,Jasmina Immaeva,Missouri Valley,Dec,9-2,Catharine Campbell,Grand View
124,Champ. Round 2,Joanna Vanderwood,William Penn,TF,10-0,Peyton Hand,Ottawa
124,Champ. Round 2,Maya Davis,Grand View,TF,15-4,Anna Krejsa,Life
124,Champ. Round 2,Ellabelle Taylor,Evergreen State,Dec,10-7,Alyssa Randles,Providence
124,Champ. Round 2,Katie Gomez,Cumberlands,TF,10-0,Isla Baeza,Missouri Valley
124,Cons. Round 1,Malia Welch,Southern Oregon,TF,11-0,Emily Paulino,Midland
131,Champ. Round 2,Carolina Moreno,Southern Oregon,TF,10-0,Cameron Ortiz,Campbellsville
131,Champ. Round 2,Devin Patton,William Penn,TF,10-0,Ashlee Palimoo,Doane
131,Champ. Round 2,Jumoke Adekoye,Dickinson State,TF,10-0,Bryce White,Oklahoma City
131,Champ. Round 2,Sarah Savidge,Life,TF,11-0,Larissa Kaz,Hastings
131,Champ. Round 2,Xochitl Mota-Pettis,Missouri Valley,TF,10-0,Hannah Seitzinger,Indiana Tech
131,Champ. Round 2,Olivia Mottley,Life,Dec,7-1,Paige Respicio,Providence
131,Champ. Round 2,Ashley Whetzal,Missouri Valley,Fall,4:36,Olivia Messerly,Campbellsville
131,Champ. Round 2,Mercy Adekuoroye,Wayland Baptist,TF,10-0,Mary Jane Porter,Cumberlands
131,Cons. Round 1,Andrea Hernandez,Indiana Tech,Fall,1:37,Keera Lacock,Dakota Wesleyan
138,Champ. Round 2,Zaynah McBryde,Life,TF,10-0,Jade Martin,Baker
138,Champ. Round 2,Gabriella Perez,Campbellsville,Fall,5:16,Araya Boday,Saint Mary
138,Champ. Round 2,Samantha Barragan,Texas Wesleyan,Fall,2:19,Kailey Rees,Providence
138,Champ. Round 2,Kendall Bostelman,William Penn,TF,10-0,Natalia Posada,Oklahoma City
138,Champ. Round 2,Jordan Suarez,Wayland Baptist,Fall,5:04,Addison Messerly,Campbellsville
138,Champ. Round 2,Reagen Gallaway,Hastings,TF,12-1,Isabelle Hawley,William Penn
138,Champ. Round 2,Kori Campbell,Lindsey Wilson,Fall,3:31,Gianna Moreno,Friends
138,Champ. Round 2,Waipuilani Estrella-Beauchamp,Providence,Fall,1:56,Serenity De La Garza,Missouri Valley
145,Champ. Round 2,Jamilah McBryde,Life,TF,10-0,Ann Marie Meiman,Jamestown
145,Champ. Round 2,Aspen Dodge,Providence,Fall,5:15,Lexi Ritchie,Lindsey Wilson
145,Champ. Round 2,Krista Warren,Grand View,Fall,2:26,Lisa Hoeflich,Hastings
145,Champ. Round 2,Sevreign Aumua,Missouri Valley,TF,10-0,Naida Abdijanovic,William Penn
145,Champ. Round 2,Esther Kolawole,William Penn,TF,10-0,Berlyn Davis,Westcliff
145,Champ. Round 2,Aubrey Yauger,Texas Wesleyan,Fall,5:26,Anastasia Hardin,Missouri Baptist
145,Champ. Round 2,Josselinne Campos,Lindsey Wilson,Dec,9-9,Emma Stice,Hastings
145,Champ. Round 2,Liv Wieber,Eastern Oregon,Fall,1:50,Bridgette Sotomayor,Doane
160,Champ. Round 2,Latifah McBryde,Life,TF,10-0,Abigail Sebesta,Ottawa
160,Champ. Round 2,Aspen Barber,Doane,Dec,4-1,Hailey Sutton,Providence
160,Champ. Round 2,Josette Partney,Missouri Baptist,Dec,5-1,Emmalee Spurgeon,Grand View
160,Champ. Round 2,Micah Fisher,Cumberlands,Fall,4:35,Taydem Khamjoi,Texas Wesleyan
160,Champ. Round 2,Quilaztli Miguel,Southern Oregon,TF,11-1,Corin Lowe,Oklahoma City
160,Champ. Round 2,Allyssa Johnson,Jamestown,TF,10-0,Alexa Wolf,William Penn
160,Champ. Round 2,Darby Weidl,Ottawa,TF,10-0,Kylee Tait,Campbellsville
160,Champ. Round 2,Flor Parker Borrero,Evergreen State,Fall,0:34,Kiley Hubby,Dickinson State
180,Champ. Round 2,Ashley Lekas,Texas Wesleyan,TF,10-0,Grace Doering,Indiana Tech
180,Champ. Round 2,Saiheron Preciado-Meza,Cumberlands,FF,ff,ff,Friends
180,Champ. Round 2,Liliana Vergara,Campbellsville,Fall,1:04,Nevaeh Wardlow,Baker
180,Champ. Round 2,Bailey Dennis,Southern Oregon,Dec,8-1,Siara Arrington,Ottawa
180,Champ. Round 2,Kelani Corbett,Missouri Valley,TF,11-0,Lillian Gradillas-Flores,Southern Oregon
180,Champ. Round 2,Reka Busa,Life,TF,11-0,Yazmin Belk,Doane
180,Champ. Round 2,Jannell Avila,Baker,Dec,4-0,America Lopez,William Penn
180,Champ. Round 2,India Page,Lindsey Wilson,Fall,1:03,Marissa Patterson,Hastings
207,Champ. Round 2,Olivia Brown,Grand View,Fall,1:46,Leilani Sanchez,Wayland Baptist
207,Champ. Round 2,Hayeni Costa,Lindsey Wilson,Dec,8-0,Skyler Bruno,Waldorf
207,Champ. Round 2,Hannah Jackson,Ottawa,TF,10-0,Taylor Rickley,Hastings
207,Champ. Round 2,Riley Dempewolf,Indiana Tech,Dec,2-1,MaQuoia Bernabe,Cumberlands
207,Champ. Round 2,Savannah Isaac,Life,Fall,0:52,Mariyah Brumley,William Woods
207,Champ. Round 2,Alysse Phillips,Lourdes,Fall,0:52,Hailey Romero,Doane
207,Champ. Round 2,Bella Porcelli,Grand View,Fall,1:47,Grace Todhunter,Jamestown
207,Champ. Round 2,Kathryn Hingano,Southern Oregon,TF,10-0,Abigail Fonseca,Texas Wesleyan
103,Cons. Round 2,Malarie Dominguez,Wayland Baptist,Dec,5-1,Nayeli Flores Roque,Eastern Oregon
103,Cons. Round 2,Eyvori Jacquez,Saint Mary,TF,10-0,Lillian Zapata,William Penn
103,Cons. Round 2,Alexis Hatfield,Avila,Fall,2:24,Morgan Repasky,Montreat
110,Cons. Round 2,Aynsley Fink,Ottawa,Fall,3:52,Rodiah Adeduntan,Lindsey Wilson
110,Cons. Round 2,Nizhoni Tallman-Olney,Evergreen State,Fall,2:56,Allison Hancher,Indiana Tech
110,Cons. Round 2,Nia Avelino,Eastern Oregon,Dec,8-4,Iby Garcia,Oklahoma City
110,Cons. Round 2,Jenna Gerhardt,Dickinson State,TF,10-0,Jaden Breeden,Doane
110,Cons. Round 2,Hailey Holland,Missouri Valley,Fall,2:50,Sarah Pineda,Missouri Valley
117,Cons. Round 2,Icart Galumette,Campbellsville,Dec,16-8,Marissa Kurtz,Southern Oregon
117,Cons. Round 2,Larhae Whaley,Dickinson State,TF,10-0,Mora Peterson,Doane
117,Cons. Round 2,Victoria Nunez,Central Methodist,Fall,4:31,Kendall Martin,Ottawa
124,Cons. Round 2,Presley Anderson,Cumberlands,Dec,12-10,Isla Baeza,Missouri Valley
124,Cons. Round 2,Alyssa Randles,Providence,Dec,10-9,Kaylee Annis,Southern Oregon
124,Cons. Round 2,Ariana Martinez,Life,TF,10-0,Anna Krejsa,Life
124,Cons. Round 2,Peyton Hand,Ottawa,Fall,1:38,Jill High,York
124,Cons. Round 2,Catharine Campbell,Grand View,Fall,1:38,Kadence Beck,Eastern Oregon
124,Cons. Round 2,Catherine Steinkamp,William Penn,TF,10-0,Sydney Bridenstine,Lindsey Wilson
124,Cons. Round 2,Malia Welch,Southern Oregon,TF,10-0,Kylie Robledo,Baker
124,Cons. Round 2,Tess Barnett,Wayland Baptist,Dec,9-0,Chloe Herrick,Missouri Baptist
131,Cons. Round 2,Olivia Messerly,Campbellsville,Dec,11-2,Annabelle Suto,Cumberlands
131,Cons. Round 2,Paige Respicio,Providence,TF,11-0,Nicole Redmond,Avila
131,Cons. Round 2,Andrea Hernandez,Indiana Tech,Fall,1:10,Hannah Seitzinger,Indiana Tech
131,Cons. Round 2,Larissa Kaz,Hastings,Fall,3:38,Keira Nartatez,Midland
131,Cons. Round 2,Destiny Campbell,Oklahoma City,Fall,2:49,Bryce White,Oklahoma City
131,Cons. Round 2,Cameron Ortiz,Campbellsville,Fall,3:53,Emma Truex,Ottawa
138,Cons. Round 2,Lilly Gough,Central Methodist,Dec,6-6,Gianna Moreno,Friends
138,Cons. Round 2,Addison Messerly,Campbellsville,Fall,4:56,Tabitha Wood,Hastings
138,Cons. Round 2,Kailey Rees,Providence,TF,12-0,Jaclyn Riedinger,Avila
138,Cons. Round 2,Livia Swift,Ottawa,Fall,2:26,Jade Martin,Baker
145,Cons. Round 2,Bridgette Sotomayor,Doane,Dec,11-5,Holland Wieber,Southern Oregon
145,Cons. Round 2,Anastasia Hardin,Missouri Baptist,Fall,4:38,Makena Schramm,Midland
145,Cons. Round 2,Berlyn Davis,Westcliff,Fall,1:38,Aevri Ciha,Doane
145,Cons. Round 2,Alivia Ming,Cumberlands,Fall,4:03,Naida Abdijanovic,William Penn
145,Cons. Round 2,Aniseta Acosta,Missouri Valley,TF,11-0,Lisa Hoeflich,Hastings
145,Cons. Round 2,Esther Han,Providence,Fall,4:30,Lexi Ritchie,Lindsey Wilson
145,Cons. Round 2,Ann Marie Meiman,Jamestown,Fall,0:53,Makayla Munoz,Oklahoma City
160,Cons. Round 2,Kiley Hubby,Dickinson State,Dec,9-0,Isabella Deeds,Hastings
160,Cons. Round 2,Alexa Wolf,William Penn,Dec,6-5,Mohagany Casel,Wayland Baptist
160,Cons. Round 2,Taydem Khamjoi,Texas Wesleyan,Fall,1:31,Amelia Frounfelter,Saint Mary
160,Cons. Round 2,Hailey Sutton,Providence,Fall,4:33,Lamia Benn,Doane
180,Cons. Round 2,America Lopez,William Penn,Fall,2:16,Emma Schreiber,Missouri Baptist
180,Cons. Round 2,Lillian Gradillas-Flores,Southern Oregon,TF,13-2,Ella Murphey,Oklahoma City
180,Cons. Round 2,Kaylee Davis,Ottawa,Fall,1:55,Nevaeh Wardlow,Baker
180,Cons. Round 2,Catherine McNulty,Indiana Tech,FF,ff,ff,Friends
180,Cons. Round 2,Grace Doering,Indiana Tech,Fall,3:21,Kyree Rubio,Westcliff
207,Cons. Round 2,Brianna Staebler,Campbellsville,Fall,1:49,Abigail Fonseca,Texas Wesleyan
207,Cons. Round 2,Kena Leonard,Ottawa,Dec,4-2,Taylor Rickley,Hastings
207,Cons. Round 2,Naomi Duenas,Cumberlands,TF,14-2,Skyler Bruno,Waldorf
103,Quarterfinal,Erin Hikiji,Providence,TF,11-0,Angelina Casteneda,Cumberlands
103,Quarterfinal,Judy Sandoval,Grand View,Fall,5:41,Karina Vang,Doane
103,Quarterfinal,Alexis Miller,Oklahoma City,Fall,1:13,Dutchess King,Cumberlands
103,Quarterfinal,Makayla Young,Indiana Tech,Fall,1:53,Katherine Hernandez,Life
110,Quarterfinal,Anaya Falcon,Life,Dec,10-2,Alexsys Jacquez,Saint Mary
110,Quarterfinal,Emma Baertlein,Southern Oregon,Dec,5-2,Lita Cruz,Grand View
110,Quarterfinal,Paige Morales,Providence,Dec,6-4,Tehani Soares,Indiana Tech
110,Quarterfinal,Stefana Jelacic,Lourdes,Dec,7-0,Tristan Nitta,Grand View
117,Quarterfinal,Christianah Ogunsanya,William Penn,TF,10-0,Shammilka Miranda,Cumberlands
117,Quarterfinal,Jasmine Howard,Southern Oregon,Dec,7-0,Cailin Campbell,Grand View
117,Quarterfinal,Salyna Shotwell,Life,Fall,1:25,Mayangelie Colon Davila,Grand View
117,Quarterfinal,Camille Fournier,Texas Wesleyan,Dec,9-4,Katherine Heath,Baker
124,Quarterfinal,Cristelle Rodriguez,Doane,TF,10-0,Kamilah Brooks,Lindsey Wilson
124,Quarterfinal,Jasmina Immaeva,Missouri Valley,Dec,5-3,Rose Kaplan,Indiana Tech
124,Quarterfinal,Joanna Vanderwood,William Penn,TF,11-1,Maya Davis,Grand View
124,Quarterfinal,Katie Gomez,Cumberlands,TF,10-0,Ellabelle Taylor,Evergreen State
131,Quarterfinal,Carolina Moreno,Southern Oregon,TF,10-0,Devin Patton,William Penn
131,Quarterfinal,Jumoke Adekoye,Dickinson State,Fall,3:55,Sarah Savidge,Life
131,Quarterfinal,Xochitl Mota-Pettis,Missouri Valley,TF,12-1,Olivia Mottley,Life
131,Quarterfinal,Mercy Adekuoroye,Wayland Baptist,TF,10-0,Ashley Whetzal,Missouri Valley
138,Quarterfinal,Zaynah McBryde,Life,TF,10-0,Gabriella Perez,Campbellsville
138,Quarterfinal,Samantha Barragan,Texas Wesleyan,TF,13-2,Kendall Bostelman,William Penn
138,Quarterfinal,Reagen Gallaway,Hastings,Dec,4-3,Jordan Suarez,Wayland Baptist
138,Quarterfinal,Waipuilani Estrella-Beauchamp,Providence,Dec,10-4,Kori Campbell,Lindsey Wilson
145,Quarterfinal,Jamilah McBryde,Life,TF,12-0,Aspen Dodge,Providence
145,Quarterfinal,Sevreign Aumua,Missouri Valley,TF,11-0,Krista Warren,Grand View
145,Quarterfinal,Esther Kolawole,William Penn,TF,10-0,Aubrey Yauger,Texas Wesleyan
145,Quarterfinal,Liv Wieber,Eastern Oregon,Dec,5-0,Josselinne Campos,Lindsey Wilson
160,Quarterfinal,Latifah McBryde,Life,TF,10-0,Aspen Barber,Doane
160,Quarterfinal,Josette Partney,Missouri Baptist,Dec,5-1,Micah Fisher,Cumberlands
160,Quarterfinal,Allyssa Johnson,Jamestown,Inj.,4:56,Quilaztli Miguel,Southern Oregon
160,Quarterfinal,Darby Weidl,Ottawa,Dec,13-8,Flor Parker Borrero,Evergreen State
180,Quarterfinal,Ashley Lekas,Texas Wesleyan,TF,11-0,Saiheron Preciado-Meza,Cumberlands
180,Quarterfinal,Liliana Vergara,Campbellsville,Dec,5-0,Bailey Dennis,Southern Oregon
180,Quarterfinal,Kelani Corbett,Missouri Valley,TF,11-0,Reka Busa,Life
180,Quarterfinal,Jannell Avila,Baker,Fall,5:48,India Page,Lindsey Wilson
207,Quarterfinal,Olivia Brown,Grand View,Fall,1:24,Hayeni Costa,Lindsey Wilson
207,Quarterfinal,Riley Dempewolf,Indiana Tech,Dec,2-1,Hannah Jackson,Ottawa
207,Quarterfinal,Savannah Isaac,Life,Fall,3:55,Alysse Phillips,Lourdes
207,Quarterfinal,Kathryn Hingano,Southern Oregon,Fall,4:11,Bella Porcelli,Grand View
103,Cons. Round 3,Malarie Dominguez,Wayland Baptist,Dec,6-0,Isabella Bocanegra,Providence
103,Cons. Round 3,Eyvori Jacquez,Saint Mary,Dec,7-0,Alanis Serrano-Rios,Waldorf
103,Cons. Round 3,Sofia Abramson,Oklahoma City,Dec,10-8,Olivia Atkins,William Penn
103,Cons. Round 3,Alexis Hatfield,Avila,Dec,5-0,Devyn Moore,Grand View
110,Cons. Round 3,Nizhoni Tallman-Olney,Evergreen State,Dec,8-4,Aynsley Fink,Ottawa
110,Cons. Round 3,Reagan Thomas,Lindsey Wilson,Dec,12-3,Nia Avelino,Eastern Oregon
110,Cons. Round 3,Jenna Gerhardt,Dickinson State,Dec,4-3,Telsarina Walter,Eastern Oregon
110,Cons. Round 3,Kayla Shota,Providence,TF,10-0,Hailey Holland,Missouri Valley
117,Cons. Round 3,Icart Galumette,Campbellsville,Fall,2:02,Alicia Frank,Providence
117,Cons. Round 3,Irma Retano,Eastern Oregon,TF,13-2,Larhae Whaley,Dickinson State
117,Cons. Round 3,Jamesa Robinson,Brewton-Parker,Fall,4:31,Julia Breeden,Doane
117,Cons. Round 3,Callie Payton,Lindsey Wilson,TF,10-0,Victoria Nunez,Central Methodist
124,Cons. Round 3,Alyssa Randles,Providence,TF,14-4,Presley Anderson,Cumberlands
124,Cons. Round 3,Ariana Martinez,Life,TF,12-0,Peyton Hand,Ottawa
124,Cons. Round 3,Catharine Campbell,Grand View,Fall,1:02,Catherine Steinkamp,William Penn
124,Cons. Round 3,Malia Welch,Southern Oregon,TF,13-2,Tess Barnett,Wayland Baptist
131,Cons. Round 3,Olivia Messerly,Campbellsville,TF,13-2,Mary Jane Porter,Cumberlands
131,Cons. Round 3,Andrea Hernandez,Indiana Tech,Fall,2:28,Paige Respicio,Providence
131,Cons. Round 3,Larissa Kaz,Hastings,Fall,3:49,Destiny Campbell,Oklahoma City
131,Cons. Round 3,Ashlee Palimoo,Doane,Dec,4-3,Cameron Ortiz,Campbellsville
138,Cons. Round 3,Serenity De La Garza,Missouri Valley,Fall,3:37,Lilly Gough,Central Methodist
138,Cons. Round 3,Isabelle Hawley,William Penn,Fall,2:13,Addison Messerly,Campbellsville
138,Cons. Round 3,Natalia Posada,Oklahoma City,Dec,12-10,Kailey Rees,Providence
138,Cons. Round 3,Livia Swift,Ottawa,Fall,1:51,Araya Boday,Saint Mary
145,Cons. Round 3,Bridgette Sotomayor,Doane,Dec,9-4,Emma Stice,Hastings
145,Cons. Round 3,Anastasia Hardin,Missouri Baptist,Fall,1:53,Berlyn Davis,Westcliff
145,Cons. Round 3,Alivia Ming,Cumberlands,Fall,2:16,Aniseta Acosta,Missouri Valley
145,Cons. Round 3,Esther Han,Providence,Fall,5:53,Ann Marie Meiman,Jamestown
160,Cons. Round 3,Kylee Tait,Campbellsville,Fall,5:36,Kiley Hubby,Dickinson State
160,Cons. Round 3,Alexa Wolf,William Penn,Fall,5:48,Corin Lowe,Oklahoma City
160,Cons. Round 3,Taydem Khamjoi,Texas Wesleyan,TF,12-0,Emmalee Spurgeon,Grand View
160,Cons. Round 3,Abigail Sebesta,Ottawa,Fall,1:10,Hailey Sutton,Providence
180,Cons. Round 3,America Lopez,William Penn,TF,11-0,Marissa Patterson,Hastings
180,Cons. Round 3,Lillian Gradillas-Flores,Southern Oregon,Fall,0:48,Yazmin Belk,Doane
180,Cons. Round 3,Siara Arrington,Ottawa,Fall,1:03,Kaylee Davis,Ottawa
180,Cons. Round 3,Catherine McNulty,Indiana Tech,Dec,2-2,Grace Doering,Indiana Tech
207,Cons. Round 3,Brianna Staebler,Campbellsville,Fall,0:35,Grace Todhunter,Jamestown
207,Cons. Round 3,Mariyah Brumley,William Woods,Fall,0:55,Hailey Romero,Doane
207,Cons. Round 3,MaQuoia Bernabe,Cumberlands,Dec,2-1,Kena Leonard,Ottawa
207,Cons. Round 3,Leilani Sanchez,Wayland Baptist,Fall,4:39,Naomi Duenas,Cumberlands
103,Cons. Round 4,Karina Vang,Doane,Dec,3-3,Malarie Dominguez,Wayland Baptist
103,Cons. Round 4,Angelina Casteneda,Cumberlands,TF,10-0,Eyvori Jacquez,Saint Mary
103,Cons. Round 4,Sofia Abramson,Oklahoma City,Fall,2:15,Katherine Hernandez,Life
103,Cons. Round 4,Alexis Hatfield,Avila,Dec,8-5,Dutchess King,Cumberlands
110,Cons. Round 4,Nizhoni Tallman-Olney,Evergreen State,Dec,6-5,Lita Cruz,Grand View
110,Cons. Round 4,Alexsys Jacquez,Saint Mary,TF,15-4,Reagan Thomas,Lindsey Wilson
110,Cons. Round 4,Tristan Nitta,Grand View,Fall,2:55,Jenna Gerhardt,Dickinson State
110,Cons. Round 4,Tehani Soares,Indiana Tech,Fall,2:07,Kayla Shota,Providence
117,Cons. Round 4,Icart Galumette,Campbellsville,TF,12-2,Cailin Campbell,Grand View
117,Cons. Round 4,Shammilka Miranda,Cumberlands,Fall,0:58,Irma Retano,Eastern Oregon
117,Cons. Round 4,Katherine Heath,Baker,TF,12-2,Jamesa Robinson,Brewton-Parker
117,Cons. Round 4,Mayangelie Colon Davila,Grand View,Fall,3:45,Callie Payton,Lindsey Wilson
124,Cons. Round 4,Rose Kaplan,Indiana Tech,Dec,6-5,Alyssa Randles,Providence
124,Cons. Round 4,Ariana Martinez,Life,DQ,Kamilah,Brooks,Lindsey Wilson
124,Cons. Round 4,Catharine Campbell,Grand View,TF,11-0,Ellabelle Taylor,Evergreen State
124,Cons. Round 4,Maya Davis,Grand View,Fall,2:06,Malia Welch,Southern Oregon
131,Cons. Round 4,Sarah Savidge,Life,Fall,3:52,Olivia Messerly,Campbellsville
131,Cons. Round 4,Devin Patton,William Penn,TF,11-0,Andrea Hernandez,Indiana Tech
131,Cons. Round 4,Larissa Kaz,Hastings,TF,13-2,Ashley Whetzal,Missouri Valley
131,Cons. Round 4,Olivia Mottley,Life,TF,11-0,Ashlee Palimoo,Doane
138,Cons. Round 4,Serenity De La Garza,Missouri Valley,Fall,2:08,Kendall Bostelman,William Penn
138,Cons. Round 4,Isabelle Hawley,William Penn,Dec,2-1,Gabriella Perez,Campbellsville
138,Cons. Round 4,Natalia Posada,Oklahoma City,Dec,6-4,Kori Campbell,Lindsey Wilson
138,Cons. Round 4,Jordan Suarez,Wayland Baptist,Dec,8-4,Livia Swift,Ottawa
145,Cons. Round 4,Bridgette Sotomayor,Doane,Fall,4:41,Krista Warren,Grand View
145,Cons. Round 4,Anastasia Hardin,Missouri Baptist,Fall,5:16,Aspen Dodge,Providence
145,Cons. Round 4,Alivia Ming,Cumberlands,Dec,4-2,Josselinne Campos,Lindsey Wilson
145,Cons. Round 4,Aubrey Yauger,Texas Wesleyan,Dec,5-2,Esther Han,Providence
160,Cons. Round 4,Micah Fisher,Cumberlands,TF,11-0,Kylee Tait,Campbellsville
160,Cons. Round 4,Aspen Barber,Doane,Dec,8-1,Alexa Wolf,William Penn
160,Cons. Round 4,Flor Parker Borrero,Evergreen State,Fall,1:28,Taydem Khamjoi,Texas Wesleyan
160,Cons. Round 4,Abigail Sebesta,Ottawa,Inj.,0:00,Quilaztli Miguel,Southern Oregon
180,Cons. Round 4,America Lopez,William Penn,TF,10-0,Bailey Dennis,Southern Oregon
180,Cons. Round 4,Lillian Gradillas-Flores,Southern Oregon,Dec,7-0,Saiheron Preciado-Meza,Cumberlands
180,Cons. Round 4,India Page,Lindsey Wilson,Fall,1:01,Siara Arrington,Ottawa
180,Cons. Round 4,Reka Busa,Life,Fall,0:26,Catherine McNulty,Indiana Tech
207,Cons. Round 4,Hannah Jackson,Ottawa,Fall,1:05,Brianna Staebler,Campbellsville
207,Cons. Round 4,Mariyah Brumley,William Woods,Fall,2:13,Hayeni Costa,Lindsey Wilson
207,Cons. Round 4,MaQuoia Bernabe,Cumberlands,Fall,3:00,Bella Porcelli,Grand View
207,Cons. Round 4,Alysse Phillips,Lourdes,Fall,5:44,Leilani Sanchez,Wayland Baptist
103,Semifinal,Erin Hikiji,Providence,TF,10-0,Judy Sandoval,Grand View
103,Semifinal,Alexis Miller,Oklahoma City,Fall,2:27,Makayla Young,Indiana Tech
110,Semifinal,Anaya Falcon,Life,Dec,3-1,Emma Baertlein,Southern Oregon
110,Semifinal,Stefana Jelacic,Lourdes,TF,11-1,Paige Morales,Providence
117,Semifinal,Christianah Ogunsanya,William Penn,Dec,11-2,Jasmine Howard,Southern Oregon
117,Semifinal,Salyna Shotwell,Life,Fall,5:07,Camille Fournier,Texas Wesleyan
124,Semifinal,Cristelle Rodriguez,Doane,TF,11-0,Jasmina Immaeva,Missouri Valley
124,Semifinal,Katie Gomez,Cumberlands,Dec,8-2,Joanna Vanderwood,William Penn
131,Semifinal,Jumoke Adekoye,Dickinson State,Dec,3-1,Carolina Moreno,Southern Oregon
131,Semifinal,Xochitl Mota-Pettis,Missouri Valley,Fall,4:42,Mercy Adekuoroye,Wayland Baptist
138,Semifinal,Zaynah McBryde,Life,Dec,8-0,Samantha Barragan,Texas Wesleyan
138,Semifinal,Waipuilani Estrella-Beauchamp,Providence,TF,12-2,Reagen Gallaway,Hastings
145,Semifinal,Jamilah McBryde,Life,TF,14-4,Sevreign Aumua,Missouri Valley
145,Semifinal,Esther Kolawole,William Penn,TF,11-0,Liv Wieber,Eastern Oregon
160,Semifinal,Latifah McBryde,Life,Dec,7-2,Josette Partney,Missouri Baptist
160,Semifinal,Darby Weidl,Ottawa,Fall,5:27,Allyssa Johnson,Jamestown
180,Semifinal,Ashley Lekas,Texas Wesleyan,TF,10-0,Liliana Vergara,Campbellsville
180,Semifinal,Kelani Corbett,Missouri Valley,Fall,3:39,Jannell Avila,Baker
207,Semifinal,Riley Dempewolf,Indiana Tech,Dec,2-1,Olivia Brown,Grand View
207,Semifinal,Savannah Isaac,Life,Dec,7-0,Kathryn Hingano,Southern Oregon
103,Cons. Round 5,Angelina Casteneda,Cumberlands,TF,10-0,Karina Vang,Doane
103,Cons. Round 5,Alexis Hatfield,Avila,Fall,1:59,Sofia Abramson,Oklahoma City
110,Cons. Round 5,Alexsys Jacquez,Saint Mary,TF,11-0,Nizhoni Tallman-Olney,Evergreen State
110,Cons. Round 5,Tehani Soares,Indiana Tech,Dec,3-3,Tristan Nitta,Grand View
117,Cons. Round 5,Shammilka Miranda,Cumberlands,Fall,2:32,Icart Galumette,Campbellsville
117,Cons. Round 5,Mayangelie Colon Davila,Grand View,TF,11-0,Katherine Heath,Baker
124,Cons. Round 5,Rose Kaplan,Indiana Tech,TF,12-0,Ariana Martinez,Life
124,Cons. Round 5,Catharine Campbell,Grand View,Fall,2:59,Maya Davis,Grand View
131,Cons. Round 5,Sarah Savidge,Life,Dec,10-6,Devin Patton,William Penn
131,Cons. Round 5,Olivia Mottley,Life,Dec,5-1,Larissa Kaz,Hastings
138,Cons. Round 5,Serenity De La Garza,Missouri Valley,Fall,0:33,Isabelle Hawley,William Penn
138,Cons. Round 5,Jordan Suarez,Wayland Baptist,Fall,1:47,Natalia Posada,Oklahoma City
145,Cons. Round 5,Bridgette Sotomayor,Doane,DQ,Anastasia,Hardin,Missouri Baptist
145,Cons. Round 5,Aubrey Yauger,Texas Wesleyan,Fall,3:45,Alivia Ming,Cumberlands
160,Cons. Round 5,Micah Fisher,Cumberlands,Fall,2:34,Aspen Barber,Doane
160,Cons. Round 5,Flor Parker Borrero,Evergreen State,Fall,1:31,Abigail Sebesta,Ottawa
180,Cons. Round 5,Lillian Gradillas-Flores,Southern Oregon,Dec,6-0,America Lopez,William Penn
180,Cons. Round 5,India Page,Lindsey Wilson,Fall,2:53,Reka Busa,Life
207,Cons. Round 5,Hannah Jackson,Ottawa,Dec,8-0,Mariyah Brumley,William Woods
207,Cons. Round 5,MaQuoia Bernabe,Cumberlands,Dec,3-0,Alysse Phillips,Lourdes
103,Cons. Semi,Makayla Young,Indiana Tech,FF,Angelina,Casteneda,Cumberlands
103,Cons. Semi,Judy Sandoval,Grand View,TF,12-0,Alexis Hatfield,Avila
110,Cons. Semi,Paige Morales,Providence,TF,10-0,Alexsys Jacquez,Saint Mary
110,Cons. Semi,Tehani Soares,Indiana Tech,Dec,4-2,Emma Baertlein,Southern Oregon
117,Cons. Semi,Shammilka Miranda,Cumberlands,Fall,2:42,Camille Fournier,Texas Wesleyan
117,Cons. Semi,Mayangelie Colon Davila,Grand View,Fall,2:44,Jasmine Howard,Southern Oregon
124,Cons. Semi,Joanna Vanderwood,William Penn,Fall,2:19,Rose Kaplan,Indiana Tech
124,Cons. Semi,Catharine Campbell,Grand View,Dec,8-6,Jasmina Immaeva,Missouri Valley
131,Cons. Semi,Mercy Adekuoroye,Wayland Baptist,Dec,11-5,Sarah Savidge,Life
131,Cons. Semi,Carolina Moreno,Southern Oregon,TF,12-2,Olivia Mottley,Life
138,Cons. Semi,Reagen Gallaway,Hastings,Fall,4:51,Serenity De La Garza,Missouri Valley
138,Cons. Semi,Samantha Barragan,Texas Wesleyan,Dec,9-9,Jordan Suarez,Wayland Baptist
145,Cons. Semi,Liv Wieber,Eastern Oregon,Fall,5:21,Bridgette Sotomayor,Doane
145,Cons. Semi,Sevreign Aumua,Missouri Valley,Fall,2:51,Aubrey Yauger,Texas Wesleyan
160,Cons. Semi,Micah Fisher,Cumberlands,Inj.,4:07,Allyssa Johnson,Jamestown
160,Cons. Semi,Flor Parker Borrero,Evergreen State,Fall,1:36,Josette Partney,Missouri Baptist
180,Cons. Semi,Jannell Avila,Baker,Dec,5-1,Lillian Gradillas-Flores,Southern Oregon
180,Cons. Semi,India Page,Lindsey Wilson,Dec,7-0,Liliana Vergara,Campbellsville
207,Cons. Semi,Hannah Jackson,Ottawa,Fall,3:51,Kathryn Hingano,Southern Oregon
207,Cons. Semi,Olivia Brown,Grand View,Dec,7-0,MaQuoia Bernabe,Cumberlands
103,3rd Place Match,Judy Sandoval,Grand View,Fall,0:39,Makayla Young,Indiana Tech
103,5th Place Match,Alexis Hatfield,Avila,FF,Angelina,Casteneda,Cumberlands
103,7th Place Match,Karina Vang,Doane,Inj.,0:17,Sofia Abramson,Oklahoma City
110,3rd Place Match,Paige Morales,Providence,TF,10-0,Tehani Soares,Indiana Tech
110,5th Place Match,Emma Baertlein,Southern Oregon,Dec,3-0,Alexsys Jacquez,Saint Mary
110,7th Place Match,Tristan Nitta,Grand View,Inj.,6:00,Nizhoni Tallman-Olney,Evergreen State
117,3rd Place Match,Shammilka Miranda,Cumberlands,TF,11-0,Mayangelie Colon Davila,Grand View
117,5th Place Match,Jasmine Howard,Southern Oregon,Dec,7-4,Camille Fournier,Texas Wesleyan
117,7th Place Match,Katherine Heath,Baker,Dec,10-6,Icart Galumette,Campbellsville
124,3rd Place Match,Joanna Vanderwood,William Penn,Dec,5-1,Catharine Campbell,Grand View
124,5th Place Match,Jasmina Immaeva,Missouri Valley,TF,10-0,Rose Kaplan,Indiana Tech
124,7th Place Match,Maya Davis,Grand View,TF,13-2,Ariana Martinez,Life
131,3rd Place Match,Mercy Adekuoroye,Wayland Baptist,Dec,15-6,Carolina Moreno,Southern Oregon
131,5th Place Match,Olivia Mottley,Life,Inj.,0:00,Sarah Savidge,Life
131,7th Place Match,Devin Patton,William Penn,Dec,14-12,Larissa Kaz,Hastings
138,3rd Place Match,Samantha Barragan,Texas Wesleyan,Fall,2:27,Reagen Gallaway,Hastings
138,5th Place Match,Jordan Suarez,Wayland Baptist,Fall,3:33,Serenity De La Garza,Missouri Valley
138,7th Place Match,Isabelle Hawley,William Penn,Fall,1:21,Natalia Posada,Oklahoma City
145,3rd Place Match,Liv Wieber,Eastern Oregon,Fall,2:54,Sevreign Aumua,Missouri Valley
145,5th Place Match,Bridgette Sotomayor,Doane,Fall,4:33,Aubrey Yauger,Texas Wesleyan
145,7th Place Match,Alivia Ming,Cumberlands,DQ,Anastasia,Hardin,Missouri Baptist
160,3rd Place Match,Flor Parker Borrero,Evergreen State,Fall,1:28,Micah Fisher,Cumberlands
160,5th Place Match,Josette Partney,Missouri Baptist,Inj.,0:00,Allyssa Johnson,Jamestown
160,7th Place Match,Aspen Barber,Doane,Fall,2:08,Abigail Sebesta,Ottawa
180,3rd Place Match,Jannell Avila,Baker,Fall,5:23,India Page,Lindsey Wilson
180,5th Place Match,Liliana Vergara,Campbellsville,Fall,0:27,Lillian Gradillas-Flores,Southern Oregon
180,7th Place Match,Reka Busa,Life,Fall,0:43,America Lopez,William Penn
207,3rd Place Match,Olivia Brown,Grand View,Dec,6-0,Hannah Jackson,Ottawa
207,5th Place Match,MaQuoia Bernabe,Cumberlands,Dec,3-1,Kathryn Hingano,Southern Oregon
207,7th Place Match,Mariyah Brumley,William Woods,Fall,0:47,Alysse Phillips,Lourdes
103,1st Place Match,Erin Hikiji,Providence,Dec,8-2,Alexis Miller,Oklahoma City
110,1st Place Match,Stefana Jelacic,Lourdes,Dec,7-2,Anaya Falcon,Life
117,1st Place Match,Christianah Ogunsanya,William Penn,Dec,8-0,Salyna Shotwell,Life
124,1st Place Match,Cristelle Rodriguez,Doane,Dec,5-5,Katie Gomez,Cumberlands
131,1st Place Match,Jumoke Adekoye,Dickinson State,Dec,5-3,Xochitl Mota-Pettis,Missouri Valley
138,1st Place Match,Zaynah McBryde,Life,TF,10-0,Waipuilani Estrella-Beauchamp,Providence
145,1st Place Match,Esther Kolawole,William Penn,Dec,12-5,Jamilah McBryde,Life
160,1st Place Match,Latifah McBryde,Life,Dec,7-2,Darby Weidl,Ottawa
180,1st Place Match,Ashley Lekas,Texas Wesleyan,TF,12-2,Kelani Corbett,Missouri Valley
207,1st Place Match,Savannah Isaac,Life,Dec,4-1,Riley Dempewolf,Indiana Tech
