age_group,weight_class,round,winner,winner_school,win_method,score,loser,loser_school
Finals,101,Finals,Stefana Jelacic,Lourdes (Ohio),VPO1,12-3,Erin Hikiji,Providence (Mont.)
Finals,109,Finals,Mia Palumbo,William Penn (Iowa),VPO1,3-1,Jasmine Howard,Texas Wesleyan
Finals,116,Finals,Juliana Diaz,Missouri Baptist,VPO1,7-6,Camille Fournier,Texas Wesleyan
Finals,123,Finals,Cristelle Rodriguez,Doane (Neb.),VSU,10-0,1:38 Maya Davis,Grand View (Iowa)
Finals,130,Finals,Carolina Moreno,Southern Oregon,VSU,11-0,4:07 Sarah Savidge,Life (Ga.)
Finals,136,Finals,Adaugo Nwachukwu,William Penn (Iowa),VFA,2:16,9-2 Zaynah McBryde,Life (Ga.)
Finals,143,Finals,Jamilah McBryde,Life (Ga.),VSU,10-0,2:50 Emma Walker,Campbellsville (Ky.)
Finals,155,Finals,Caitlyn Davis,Southern Oregon,VPO1,4-2,Latifah McBryde,Life (Ga.)
Finals,170,Finals,Ashley Lekas,William Penn (Iowa),VPO1,4-2,Abby McIntyre,Grand View (Iowa)
Finals,191,Finals,Tavia Heidelberg-Tillitson,Menlo (Calif.),VPO1,4-3,Joanna Hendricks,Waldorf (Iowa)
Semi-Finals,101,Semi-Finals,Erin Hikiji,Providence (Mont.),VFA,1:47,10-0 Esther Walker,Midland University (Neb.)
Semi-Finals,101,Semi-Finals,Stefana Jelacic,Lourdes (Ohio),VSU1,12-1,4:00 Kayla McKinley-Johnson,Menlo (Calif.)
Semi-Finals,109,Semi-Finals,Mia Palumbo,William Penn (Iowa),VPO1,10-6,Paige Morales,Providence (Mont.)
Semi-Finals,109,Semi-Finals,Jasmine Howard,Texas Wesleyan,VPO,8-0,Diana Gonzalez,Life (Ga.)
Semi-Finals,116,Semi-Finals,Juliana Diaz,Missouri Baptist,VPO1,7-4,Katherine Heath,Baker (Kan.)
Semi-Finals,116,Semi-Finals,Camille Fournier,Texas Wesleyan,VSU1,12-1,3:42 Avery Ashley,Oklahoma City
Semi-Finals,123,Semi-Finals,Cristelle Rodriguez,Doane (Neb.),VSU,10-0,1:37 Sophia Smith,Oklahoma City
Semi-Finals,123,Semi-Finals,Maya Davis,Grand View (Iowa),VPO,9-0,Joanna Vanderwood,William Penn (Iowa)
Semi-Finals,130,Semi-Finals,Carolina Moreno,Southern Oregon,VSU,10-0,3:36 Alysaa Randles,Providence (Mont.)
Semi-Finals,130,Semi-Finals,Sarah Savidge,Life (Ga.),VPO1,6-4,Janiah Jones,Missouri Baptist
Semi-Finals,136,Semi-Finals,Adaugo Nwachukwu,William Penn (Iowa),VFA,4:58,16-6 Waipuilani Estrella-Beauchamp,Providence (Mont.)
Semi-Finals,136,Semi-Finals,Zaynah McBryde,Life (Ga.),DSQ,Andrea,Schlabach,Grand View (Iowa)
Semi-Finals,143,Semi-Finals,Jamilah McBryde,Life (Ga.),VSU,10-0,Madison Diaz,Grand View (Iowa)
Semi-Finals,143,Semi-Finals,Emma Walker,Campbellsville (Ky.),VPO1,6-2,Bella Amaro,Southern Oregon
Semi-Finals,155,Semi-Finals,Caitlyn Davis,Southern Oregon,VSU,13-0,5:34 Flor Parker-Borreo,Evergreen (Wash.)
Semi-Finals,155,Semi-Finals,Latifah McBryde,Life (Ga.),VSU,10-0,4:24 Liv Wieber,Eastern Oregon
Semi-Finals,170,Semi-Finals,Abby McIntyre,Grand View (Iowa),VSU,10-0,4:55 Kalila Shrive,Menlo (Calif.)
Semi-Finals,170,Semi-Finals,Ashley Lekas,William Penn (Iowa),VPO,8-0,Shenita Lawson,Southern Oregon
Semi-Finals,191,Semi-Finals,Tavia Heidelberg-Tillitson,Menlo (Calif.),VPO1,3-1,MaQuoia Bernabe,Cumberlands (Ky.)
Semi-Finals,191,Semi-Finals,Joanna Hendricks,Waldorf (Iowa),VPO1,9-4,Lessly Sandoval,St. Mary (Kan.)
Quarter-Finals,101,Quarter-Finals,Erin Hikiji,Providence (Mont.),VSU,10-0,1:03 Riley Banyas,Campbellsville (Ky.)
Quarter-Finals,101,Quarter-Finals,Stefana Jelacic,Lourdes (Ohio),VSU,10-0,0:44 Elizabeth Dosado,Cumberlands (Ky.)
Quarter-Finals,101,Quarter-Finals,Kayla McKinley-Johnson,Menlo (Calif.),VIN,0:03,0-0 Zoe Omura,Midland University (Neb.)
Quarter-Finals,101,Quarter-Finals,Esther Walker,Midland University (Neb.),VPO1,3-1,Alyssa Quezaire,Missouri Baptist
Quarter-Finals,109,Quarter-Finals,Mia Palumbo,William Penn (Iowa),VSU,10-0,2:15 Tristan Nitta,Grand View (Iowa)
Quarter-Finals,109,Quarter-Finals,Diana Gonzalez,Life (Ga.),VPO1,12-7,Alexsys Jacquez,St. Mary (Kan.)
Quarter-Finals,109,Quarter-Finals,Jasmine Howard,Texas Wesleyan,VPO1,10-3,Tehani Soares,Indiana Tech
Quarter-Finals,109,Quarter-Finals,Paige Morales,Providence (Mont.),VPO1,10-4,Emma Baertlein,Southern Oregon
Quarter-Finals,116,Quarter-Finals,Juliana Diaz,Missouri Baptist,VSU,11-0,4:42 Marissa Kurtz,Southern Oregon
Quarter-Finals,116,Quarter-Finals,Avery Ashley,Oklahoma City,VSU,10-0,1:18 Ariana Martinez,Life (Ga.)
Quarter-Finals,116,Quarter-Finals,Camille Fournier,Texas Wesleyan,VPO1,13-5,Icart Galumette,Campbellsville (Ky.)
Quarter-Finals,116,Quarter-Finals,Katherine Heath,Baker (Kan.),VPO1,7-6,Ajayzee Zaballos,Menlo (Calif.)
Quarter-Finals,123,Quarter-Finals,Cristelle Rodriguez,Doane (Neb.),VSU1,12-2,0:43 Catharine Campbell,Grand View (Iowa)
Quarter-Finals,123,Quarter-Finals,Joanna Vanderwood,William Penn (Iowa),VPO1,11-10,Alana Vivas,Menlo (Calif.)
Quarter-Finals,123,Quarter-Finals,Maya Davis,Grand View (Iowa),VPO1,8-4,Emily Paulino,Midland University (Neb.)
Quarter-Finals,123,Quarter-Finals,Sophia Smith,Oklahoma City,VPO,9-0,Anna Krejsa,Life (Ga.)
Quarter-Finals,130,Quarter-Finals,Carolina Moreno,Southern Oregon,VSU,10-0,2:29 Lillian Avalos,Vanguard (Calif.)
Quarter-Finals,130,Quarter-Finals,Sarah Savidge,Life (Ga.),VSU,10-0,2:18 Devin Patton,William Penn (Iowa)
Quarter-Finals,130,Quarter-Finals,Janiah Jones,Missouri Baptist,VPO1,4-2,Louisa Schwab,Menlo (Calif.)
Quarter-Finals,130,Quarter-Finals,Alysaa Randles,Providence (Mont.),VFA,4:10,6-10 Elizabeth Duvall,Texas Wesleyan
Quarter-Finals,136,Quarter-Finals,Adaugo Nwachukwu,William Penn (Iowa),VFA,3:33,8-0 Stephanie Chavez,Menlo (Calif.)
Quarter-Finals,136,Quarter-Finals,Andrea Schlabach,Grand View (Iowa),VFA,3:22,11-1 River Todd,Vanguard (Calif.)
Quarter-Finals,136,Quarter-Finals,Zaynah McBryde,Life (Ga.),VSU,11-0,1:32 Addison Messerly,Campbellsville (Ky.)
Quarter-Finals,136,Quarter-Finals,Waipuilani Estrella-Beauchamp,Providence (Mont.),VPO1,9-3,Tiyahna Askew,Missouri Baptist
Quarter-Finals,143,Quarter-Finals,Jamilah McBryde,Life (Ga.),VSU,11-0,2:09 Micah Fisher,Cumberlands (Ky.)
Quarter-Finals,143,Quarter-Finals,Bella Amaro,Southern Oregon,VPO1,4-3,Mea Mohler,Texas Wesleyan
Quarter-Finals,143,Quarter-Finals,Emma Walker,Campbellsville (Ky.),VPO1,6-5,Krista Warren,Grand View (Iowa)
Quarter-Finals,143,Quarter-Finals,Madison Diaz,Grand View (Iowa),VFA,2:31,6-1 Alexandra Lopez,Menlo (Calif.)
Quarter-Finals,155,Quarter-Finals,Caitlyn Davis,Southern Oregon,VPO1,3-1,Sadie Antoque,Providence (Mont.)
Quarter-Finals,155,Quarter-Finals,Latifah McBryde,Life (Ga.),VSU1,18-5,3:48 Taydem Khamjoi,Texas Wesleyan
Quarter-Finals,155,Quarter-Finals,Liv Wieber,Eastern Oregon,VPO1,3-2,Shannon Workinger,Menlo (Calif.)
Quarter-Finals,155,Quarter-Finals,Flor Parker-Borreo,Evergreen (Wash.),VFA,1:01,4-1 Josette Partney,Missouri Baptist
Quarter-Finals,170,Quarter-Finals,Abby McIntyre,Grand View (Iowa),VFA,0:38,4-0 Maggie Graham,Life (Ga.)
Quarter-Finals,170,Quarter-Finals,Ashley Lekas,William Penn (Iowa),VSU,10-0,1:05 Bo Geibe,Siena Heights (Mich.)
Quarter-Finals,170,Quarter-Finals,Shenita Lawson,Southern Oregon,VFA,2:27,4-0 Faith Macharia,Missouri Baptist
Quarter-Finals,170,Quarter-Finals,Kalila Shrive,Menlo (Calif.),VFA,2:20,8-0 Aalyah Villarreal,Texas Wesleyan
Quarter-Finals,191,Quarter-Finals,Tavia Heidelberg-Tillitson,Menlo (Calif.),VPO1,5-1,Olivia Brown,Grand View (Iowa)
Quarter-Finals,191,Quarter-Finals,Joanna Hendricks,Waldorf (Iowa),VFA,1:11,4-0 Jannell Avila,Baker (Kan.)
Quarter-Finals,191,Quarter-Finals,Lessly Sandoval,St. Mary (Kan.),VFA,1:39,10-6 Marissa Patterson,Hastings (Neb.)
Quarter-Finals,191,Quarter-Finals,MaQuoia Bernabe,Cumberlands (Ky.),VFA,4:11,3-2 Kenisha Jacsaint,Doane (Neb.)
Round of 16,101,Round of 16,Erin Hikiji,Providence (Mont.),VSU,10-0,2:27 Karina Vang,Doane (Neb.)
Round of 16,101,Round of 16,Stefana Jelacic,Lourdes (Ohio),VFA,1:08,5-0 Liana Ferreira,Southern Oregon
Round of 16,101,Round of 16,Kayla McKinley-Johnson,Menlo (Calif.),VSU,10-0,1:57 Sage Beltran,Missouri Valley College
Round of 16,101,Round of 16,Esther Walker,Midland University (Neb.),VSU1,13-3,4:00 Devyn Gomez,Life (Ga.)
Round of 16,101,Round of 16,Alyssa Quezaire,Missouri Baptist,VSU,10-0,6:00 Karly Scott,Southern Oregon
Round of 16,101,Round of 16,Zoe Omura,Midland University (Neb.),VPO1,11-10,Makayla Young,Indiana Tech
Round of 16,101,Round of 16,Elizabeth Dosado,Cumberlands (Ky.),VPO1,8-8,Abbeygael Cabuag,Vanguard (Calif.)
Round of 16,101,Round of 16,Riley Banyas,Campbellsville (Ky.),VPO1,7-5,Audalie Cruz,Wayland Baptist (Texas)
Round of 16,109,Round of 16,Mia Palumbo,William Penn (Iowa),VSU1,13-3,4:23 Angie Dill,Vanguard (Calif.)
Round of 16,109,Round of 16,Alexsys Jacquez,St. Mary (Kan.),VFA,3:36,13-4 Alyssa King,Missouri Baptist
Round of 16,109,Round of 16,Jasmine Howard,Texas Wesleyan,VFA,2:47,9-0 Liv Villanueva,Southern Oregon
Round of 16,109,Round of 16,Paige Morales,Providence (Mont.),VSU,10-0,0:58 Kylee Slyter,Baker (Kan.)
Round of 16,109,Round of 16,Emma Baertlein,Southern Oregon,VSU,10-0,3:20 Valeria Ahumada,Siena Heights (Mich.)
Round of 16,109,Round of 16,Tehani Soares,Indiana Tech,VPO1,12-5,Hailey Holland,Missouri Valley College
Round of 16,109,Round of 16,Diana Gonzalez,Life (Ga.),VPO1,12-3,Nizhoni Tallman,Evergreen (Wash.)
Round of 16,109,Round of 16,Tristan Nitta,Grand View (Iowa),VSU,10-0,1:50 Gabrielle Medeiros,Campbellsville (Ky.)
Round of 16,116,Round of 16,Juliana Diaz,Missouri Baptist,VFA,1:26,10-2 Irma Retano,Eastern Oregon
Round of 16,116,Round of 16,Avery Ashley,Oklahoma City,VSU,11-0,1:17 Addison Saporito,Ottawa (Kan.)
Round of 16,116,Round of 16,Camille Fournier,Texas Wesleyan,VFA,4:27,12-9 Arieana Arias,Providence (Mont.)
Round of 16,116,Round of 16,Katherine Heath,Baker (Kan.),VSU1,12-2,3:34 Emma Jones,Indiana Tech
Round of 16,116,Round of 16,Ajayzee Zaballos,Menlo (Calif.),VSU,10-0,1:21 Jo'Neisha Kennedy,Wayland Baptist (Texas)
Round of 16,116,Round of 16,Icart Galumette,Campbellsville (Ky.),VPO,6-0,Kaylee Annis,Southern Oregon
Round of 16,116,Round of 16,Ariana Martinez,Life (Ga.),VPO1,3-2,Catherine Steinkamp,William Penn (Iowa)
Round of 16,116,Round of 16,Marissa Kurtz,Southern Oregon,VPO1,4-4,Isabelle Asuncion,Providence (Mont.)
Round of 16,123,Round of 16,Cristelle Rodriguez,Doane (Neb.),VSU,10-0,0:51 Loretta Lopez,Vanguard (Calif.)
Round of 16,123,Round of 16,Joanna Vanderwood,William Penn (Iowa),VSU,12-0,3:20 Larissa Kaz,Hastings (Neb.)
Round of 16,123,Round of 16,Maya Davis,Grand View (Iowa),VSU,10-0,5:24 Ellabelle Taylor,Evergreen (Wash.)
Round of 16,123,Round of 16,Anna Krejsa,Life (Ga.),VSU,10-0,6:00 Allison Hynes,Central Methodist (Mo.)
Round of 16,123,Round of 16,Emily Paulino,Midland University (Neb.),VPO1,14-9,Paige Chafin,Eastern Oregon
Round of 16,123,Round of 16,Alana Vivas,Menlo (Calif.),VPO1,6-2,Isabelle Silva,Indiana Tech
Round of 16,123,Round of 16,Catharine Campbell,Grand View (Iowa),VPO,5-0,Haley Narahara,Menlo (Calif.)
Round of 16,130,Round of 16,Carolina Moreno,Southern Oregon,VFA,1:33,6-0 Ellyana Kuzma,Indiana Tech
Round of 16,130,Round of 16,Sarah Savidge,Life (Ga.),VFA,2:53,10-0 Alisha Van Scoy,St. Mary (Kan.)
Round of 16,130,Round of 16,Louisa Schwab,Menlo (Calif.),VFA,3:59,6-1 Olivia Messerly,Campbellsville (Ky.)
Round of 16,130,Round of 16,Alysaa Randles,Providence (Mont.),VSU1,12-2,2:04 Peyton Hand,Ottawa (Kan.)
Round of 16,130,Round of 16,Elizabeth Duvall,Texas Wesleyan,VFA,4:30,10-6 Riley Dalrymple,Life (Ga.)
Round of 16,130,Round of 16,Janiah Jones,Missouri Baptist,VFA,5:02,5-3 Anna Rodriguez,Eastern Oregon
Round of 16,130,Round of 16,Devin Patton,William Penn (Iowa),VSU1,13-3,3:30 Paige Respico,Providence (Mont.)
Round of 16,130,Round of 16,Lillian Avalos,Vanguard (Calif.),VSU,10-0,3:40 Chloe Herrick,Missouri Baptist
Round of 32,101,Round of 32,Erin Hikiji,Providence (Mont.),VFA,0:34,4-0 Teya Garner,William Penn (Iowa)
Round of 32,101,Round of 32,Kayla McKinley-Johnson,Menlo (Calif.),VSU,10-0,0:50 Sofia Abramson,Oklahoma City
Round of 32,101,Round of 32,Alyssa Quezaire,Missouri Baptist,VPO1,5-1,Shanna Morris,Lourdes (Ohio)
Round of 32,109,Round of 32,Alexsys Jacquez,St. Mary (Kan.),VFA,0:34,2-0 Judy Sandoval,Grand View (Iowa)
Round of 32,109,Round of 32,Valeria Ahumada,Siena Heights (Mich.),VPO1,8-6,Rayana Sahagun,Jamestown (N.D.)
Round of 32,109,Round of 32,Tristan Nitta,Grand View (Iowa),VFA,2:51,4-3 Aynsley Fink,Ottawa (Kan.)
Round of 32,116,Round of 32,Avery Ashley,Oklahoma City,VSU,10-0,1:21 Jamesa Robinson,Brewton Parker (Ga.)
Round of 32,116,Round of 32,Irma Retano,Eastern Oregon,VPO1,10-9,Markayla Lottie,Avila (Mo.)
Round of 32,123,Round of 32,Cristelle Rodriguez,Doane (Neb.),VFA,1:59,8-0 Trinity Howard,Montreat (N.C.)
Round of 32,123,Round of 32,Maya Davis,Grand View (Iowa),VFA,4:25,7-0 Carolina Rios,Texas Wesleyan
Round of 32,123,Round of 32,Anna Krejsa,Life (Ga.),VFA,0:37,4-0 Alicia Frank,Providence (Mont.)
Round of 32,123,Round of 32,Emily Paulino,Midland University (Neb.),VFA,2:10,4-0 Josie Davis,Campbellsville (Ky.)
Round of 32,123,Round of 32,Catharine Campbell,Grand View (Iowa),VSU1,13-3,5:38 Cameron Ortiz,Campbellsville (Ky.)
Round of 32,123,Round of 32,Larissa Kaz,Hastings (Neb.),VFA,1:15,2-3 Kaitlin Castro,Cumberlands (Ky.)
Round of 32,130,Round of 32,Carolina Moreno,Southern Oregon,VFA,2:13,6-2 Nonnie Justice,Central Methodist (Mo.)
Round of 32,130,Round of 32,Sarah Savidge,Life (Ga.),VSU,12-0,2:57 Destiny Campbell,Oklahoma City
Round of 32,130,Round of 32,Alysaa Randles,Providence (Mont.),VSU,11-0,4:16 Bryce White,Oklahoma City
Round of 32,130,Round of 32,Elizabeth Duvall,Texas Wesleyan,VFA,2:27,6-0 Erica Grant,Evergreen (Wash.)
Round of 32,130,Round of 32,Olivia Messerly,Campbellsville (Ky.),VFA,0:59,4-0 Madeline Santana,Missouri Valley College
Round of 32,136,Round of 32,Adaugo Nwachukwu,William Penn (Iowa),VFA,0:28,4-0 Angelina Prado,Life (Ga.)
Round of 32,136,Round of 32,Zaynah McBryde,Life (Ga.),VSU,11-0,2:18 Keilani Guillermo,Wayland Baptist (Texas)
Round of 32,136,Round of 32,Waipuilani Estrella-Beauchamp,Providence (Mont.),VSU,10-0,1:05 Carley Anderson,Indiana Tech
Round of 32,136,Round of 32,Lilly Gough,Central Methodist (Mo.),VPO1,10-2,Mattison Parker,Texas Wesleyan
Round of 32,136,Round of 32,Stephanie Chavez,Menlo (Calif.),VPO,7-0,Gabriella Perez,Campbellsville (Ky.)
Round of 32,136,Round of 32,Willow Barnes,Missouri Valley College,VPO1,10-6,Piper Hall,Vanguard (Calif.)
Round of 32,136,Round of 32,Desinee Lopez,Southern Oregon,VSU1,12-2,5:40 Bridgette Sotomayor,Doane (Neb.)
Round of 32,136,Round of 32,Samantha Barragan,Menlo (Calif.),VFA,2:31,8-8 Aniseta Acosta,Missouri Valley College
Round of 32,136,Round of 32,Aileen Lester,Ottawa (Kan.),VFA,1:36,6-0 Natalia Posada,Oklahoma City
Round of 32,143,Round of 32,Desiree Jones,Menlo (Calif.),VPO1,12-9,Marissa Jimenez,Oklahoma City
Round of 32,143,Round of 32,Alexandra Lopez,Menlo (Calif.),VPO1,9-3,Reagen Gallaway,Hastings (Neb.)
Round of 32,143,Round of 32,Bella Amaro,Southern Oregon,VFA,1:26,4-0 Makayla Munoz,Oklahoma City
Round of 32,143,Round of 32,Kailey Rees,Providence (Mont.),VSU,10-0,1:58 Livia Swift,Ottawa (Kan.)
Round of 32,143,Round of 32,Maia Crumb,Indiana Tech,VFA,0:22,2-0 Marish Wahl,Dickinson State (N.D.)
Round of 32,155,Round of 32,Caitlyn Davis,Southern Oregon,VSU,10-0,3:00 Cydney Bassett,Indiana Tech
Round of 32,155,Round of 32,Latifah McBryde,Life (Ga.),VFA,0:41,4-0 Elisa Falcetti,Missouri Valley College
Round of 32,155,Round of 32,Shannon Workinger,Menlo (Calif.),VSU,11-0,4:37 Ariana Pereira,Cumberlands (Ky.)
Round of 32,170,Round of 32,Abby McIntyre,Grand View (Iowa),VFA,1:59,8-2 Siara Arrington,Ottawa (Kan.)
Round of 32,170,Round of 32,Ashley Lekas,William Penn (Iowa),VSU,10-0,0:26 Kaley Rice,Texas Wesleyan
Round of 32,170,Round of 32,Kalila Shrive,Menlo (Calif.),VFA,5:42,10-0 Katelyn Lewis,Providence (Mont.)
3rd Place,101,3rd Place,Kayla McKinley-Johnson,Menlo (Calif.),VFA,5:03,10-8 Esther Walker,Midland University (Neb.)
3rd Place,109,3rd Place,Emma Baertlein,Southern Oregon,VFA,4:31,2-8 Paige Morales,Providence (Mont.)
3rd Place,116,3rd Place,Katherine Heath,Baker (Kan.),VFA,2:08,4-0 Ajayzee Zaballos,Menlo (Calif.)
3rd Place,123,3rd Place,Alana Vivas,Menlo (Calif.),VPO1,8-2,Joanna Vanderwood,William Penn (Iowa)
3rd Place,130,3rd Place,Devin Patton,William Penn (Iowa),VSU,10-0,1:50 Lillian Avalos,Vanguard (Calif.)
3rd Place,136,3rd Place,Waipuilani Estrella-Beauchamp,Providence (Mont.),VFA,3:56,8-4 Tiyahna Askew,Missouri Baptist
3rd Place,143,3rd Place,Bella Amaro,Southern Oregon,VPO1,7-1,Madison Diaz,Grand View (Iowa)
3rd Place,155,3rd Place,Shannon Workinger,Menlo (Calif.),VFA,4:29,9-2 Josette Partney,Missouri Baptist
3rd Place,170,3rd Place,Kalila Shrive,Menlo (Calif.),VPO1,4-2,Shenita Lawson,Southern Oregon
3rd Place,191,3rd Place,Olivia Brown,Grand View (Iowa),VPO1,4-1,MaQuoia Bernabe,Cumberlands (Ky.)
5th Place,101,5th Place,Liana Ferreira,Southern Oregon,VFA,1:21,2-6 Audalie Cruz,Wayland Baptist (Texas)
5th Place,109,5th Place,Alexsys Jacquez,St. Mary (Kan.),VFA,1:06,2-4 Diana Gonzalez,Life (Ga.)
5th Place,116,5th Place,Icart Galumette,Campbellsville (Ky.),VIN,0:00,0-0 Avery Ashley,Oklahoma City
5th Place,123,5th Place,Sophia Smith,Oklahoma City,VSU,11-0,5:25 Anna Krejsa,Life (Ga.)
5th Place,130,5th Place,Janiah Jones,Missouri Baptist,VPO,3-0,Alysaa Randles,Providence (Mont.)
5th Place,143,5th Place,Mea Mohler,Texas Wesleyan,VSU,10-0,0:29 Alexandra Lopez,Menlo (Calif.)
5th Place,155,5th Place,Liv Wieber,Eastern Oregon,VIN,0:00,0-0 Flor Parker-Borreo,Evergreen (Wash.)
5th Place,170,5th Place,Bo Geibe,Siena Heights (Mich.),VFA,2:18,4-4 Chamira Cooper,Cumberlands (Ky.)
5th Place,191,5th Place,Naomi Duenas,Cumberlands (Ky.),VFA,2:04,8-2 Lessly Sandoval,St. Mary (Kan.)
7th Place,101,7th Place,Makayla Young,Indiana Tech,VSU1,15-4,4:32 Devyn Gomez,Life (Ga.)
7th Place,109,7th Place,Tehani Soares,Indiana Tech,VPO1,5-2,Tristan Nitta,Grand View (Iowa)
7th Place,116,7th Place,Marissa Kurtz,Southern Oregon,VFA,1:37,5-2 Ariana Martinez,Life (Ga.)
7th Place,123,7th Place,Haley Narahara,Menlo (Calif.),VPO1,10-6,Catharine Campbell,Grand View (Iowa)
7th Place,130,7th Place,Louisa Schwab,Menlo (Calif.),VFA,4:47,6-6 Elizabeth Duvall,Texas Wesleyan
7th Place,136,7th Place,Stephanie Chavez,Menlo (Calif.),VFA,1:12,3-0 River Todd,Vanguard (Calif.)
7th Place,143,7th Place,Reagen Gallaway,Hastings (Neb.),VSU1,12-1,3:00 Serenity De La Garza,Missouri Valley College
7th Place,155,7th Place,Sadie Antoque,Providence (Mont.),VPO,6-0,Kendra Thompson,Campbellsville (Ky.)
7th Place,170,7th Place,Aalyah Villarreal,Texas Wesleyan,VFA,3:24,10-1 Faith Macharia,Missouri Baptist
7th Place,191,7th Place,Jannell Avila,Baker (Kan.),VPO1,10-4,Elisa Robinson,Baker (Kan.)
Consi-Semis,101,Consi-Semis,Kayla McKinley-Johnson,Menlo (Calif.),VPO1,9-4,Liana Ferreira,Southern Oregon
Consi-Semis,101,Consi-Semis,Esther Walker,Midland University (Neb.),VPO1,12-7,Audalie Cruz,Wayland Baptist (Texas)
Consi-Semis,109,Consi-Semis,Paige Morales,Providence (Mont.),VPO1,9-7,Alexsys Jacquez,St. Mary (Kan.)
Consi-Semis,109,Consi-Semis,Emma Baertlein,Southern Oregon,VPO,8-0,Diana Gonzalez,Life (Ga.)
Consi-Semis,116,Consi-Semis,Ajayzee Zaballos,Menlo (Calif.),VSU,10-0,2:31 Avery Ashley,Oklahoma City
Consi-Semis,116,Consi-Semis,Katherine Heath,Baker (Kan.),VFA,2:38,8-2 Icart Galumette,Campbellsville (Ky.)
Consi-Semis,123,Consi-Semis,Joanna Vanderwood,William Penn (Iowa),VPO1,9-4,Anna Krejsa,Life (Ga.)
Consi-Semis,123,Consi-Semis,Alana Vivas,Menlo (Calif.),VFA,4:12,2-1 Sophia Smith,Oklahoma City
Consi-Semis,130,Consi-Semis,Devin Patton,William Penn (Iowa),VPO1,10-6,Alysaa Randles,Providence (Mont.)
Consi-Semis,130,Consi-Semis,Lillian Avalos,Vanguard (Calif.),VPO1,12-11,Janiah Jones,Missouri Baptist
Consi-Semis,136,Consi-Semis,Waipuilani Estrella-Beauchamp,Providence (Mont.),VFA,2:24,4-1 Gianna Moreno,Friends (Kan.)
Consi-Semis,143,Consi-Semis,Madison Diaz,Grand View (Iowa),VPO1,6-3,Mea Mohler,Texas Wesleyan
Consi-Semis,143,Consi-Semis,Bella Amaro,Southern Oregon,VPO1,2-1,Alexandra Lopez,Menlo (Calif.)
Consi-Semis,155,Consi-Semis,Shannon Workinger,Menlo (Calif.),VPO1,11-6,Flor Parker-Borreo,Evergreen (Wash.)
Consi-Semis,155,Consi-Semis,Josette Partney,Missouri Baptist,VPO1,10-4,Liv Wieber,Eastern Oregon
Consi-Semis,170,Consi-Semis,Shenita Lawson,Southern Oregon,VPO1,10-2,Chamira Cooper,Cumberlands (Ky.)
Consi-Semis,170,Consi-Semis,Kalila Shrive,Menlo (Calif.),VPO1,9-6,Bo Geibe,Siena Heights (Mich.)
Consi-Semis,191,Consi-Semis,Olivia Brown,Grand View (Iowa),VFA,4:59,10-0 Lessly Sandoval,St. Mary (Kan.)
Consi-Semis,191,Consi-Semis,MaQuoia Bernabe,Cumberlands (Ky.),VFA,0:52,2-0 Naomi Duenas,Cumberlands (Ky.)
Consi of 4,101,Consi of 4,Liana Ferreira,Southern Oregon,VPO1,15-9,Makayla Young,Indiana Tech
Consi of 4,101,Consi of 4,Audalie Cruz,Wayland Baptist (Texas),VSU,10-0,1:36 Devyn Gomez,Life (Ga.)
Consi of 4,109,Consi of 4,Alexsys Jacquez,St. Mary (Kan.),VPO1,8-4,Tehani Soares,Indiana Tech
Consi of 4,109,Consi of 4,Emma Baertlein,Southern Oregon,VPO1,5-4,Tristan Nitta,Grand View (Iowa)
Consi of 4,116,Consi of 4,Ajayzee Zaballos,Menlo (Calif.),VPO1,12-5,Marissa Kurtz,Southern Oregon
Consi of 4,116,Consi of 4,Icart Galumette,Campbellsville (Ky.),VSU,10-0,2:02 Ariana Martinez,Life (Ga.)
Consi of 4,123,Consi of 4,Anna Krejsa,Life (Ga.),VPO1,6-4,Catharine Campbell,Grand View (Iowa)
Consi of 4,123,Consi of 4,Alana Vivas,Menlo (Calif.),VPO1,4-1,Haley Narahara,Menlo (Calif.)
Consi of 4,130,Consi of 4,Devin Patton,William Penn (Iowa),VFA,0:30,3-1 Louisa Schwab,Menlo (Calif.)
Consi of 4,130,Consi of 4,Lillian Avalos,Vanguard (Calif.),VFA,1:54,6-4 Elizabeth Duvall,Texas Wesleyan
Consi of 4,136,Consi of 4,Tiyahna Askew,Missouri Baptist,VSU,11-0,5:09 Stephanie Chavez,Menlo (Calif.)
Consi of 4,136,Consi of 4,Gianna Moreno,Friends (Kan.),VSU,10-0,0:30 River Todd,Vanguard (Calif.)
Consi of 4,143,Consi of 4,Mea Mohler,Texas Wesleyan,VSU1,12-2,1:37 Serenity De La Garza,Missouri Valley College
Consi of 4,143,Consi of 4,Alexandra Lopez,Menlo (Calif.),VPO1,9-6,Reagen Gallaway,Hastings (Neb.)
Consi of 4,155,Consi of 4,Shannon Workinger,Menlo (Calif.),VPO1,7-4,Kendra Thompson,Campbellsville (Ky.)
Consi of 4,155,Consi of 4,Josette Partney,Missouri Baptist,VFA,2:00,4-0 Sadie Antoque,Providence (Mont.)
Consi of 4,170,Consi of 4,Chamira Cooper,Cumberlands (Ky.),VSU,10-0,5:05 Aalyah Villarreal,Texas Wesleyan
Consi of 4,170,Consi of 4,Bo Geibe,Siena Heights (Mich.),VFA,4:43,14-4 Faith Macharia,Missouri Baptist
Consi of 4,191,Consi of 4,Naomi Duenas,Cumberlands (Ky.),VFA,5:42,12-3 Jannell Avila,Baker (Kan.)
Consi of 4,191,Consi of 4,Olivia Brown,Grand View (Iowa),VPO1,7-1,Elisa Robinson,Baker (Kan.)
Consi of 8 #2,101,Consi of 8 #2,Liana Ferreira,Southern Oregon,VFA,5:46,15-7 Alyssa Quezaire,Missouri Baptist
Consi of 8 #2,101,Consi of 8 #2,Makayla Young,Indiana Tech,VPO1,8-1,Riley Banyas,Campbellsville (Ky.)
Consi of 8 #2,101,Consi of 8 #2,Devyn Gomez,Life (Ga.),VFA,5:42,10-5 Elizabeth Dosado,Cumberlands (Ky.)
Consi of 8 #2,101,Consi of 8 #2,Audalie Cruz,Wayland Baptist (Texas),VIN,4:31,11-6 Zoe Omura,Midland University (Neb.)
Consi of 8 #2,109,Consi of 8 #2,Alexsys Jacquez,St. Mary (Kan.),VSU,10-0,2:07 Kylee Slyter,Baker (Kan.)
Consi of 8 #2,109,Consi of 8 #2,Emma Baertlein,Southern Oregon,VPO1,5-2,Nizhoni Tallman,Evergreen (Wash.)
Consi of 8 #2,109,Consi of 8 #2,Tehani Soares,Indiana Tech,VFA,0:59,4-0 Angie Dill,Vanguard (Calif.)
Consi of 8 #2,109,Consi of 8 #2,Tristan Nitta,Grand View (Iowa),VFA,2:39,6-2 Liv Villanueva,Southern Oregon
Consi of 8 #2,116,Consi of 8 #2,Ajayzee Zaballos,Menlo (Calif.),VSU,10-0,1:31 Addison Saporito,Ottawa (Kan.)
Consi of 8 #2,116,Consi of 8 #2,Icart Galumette,Campbellsville (Ky.),VFA,0:35,2-0 Irma Retano,Eastern Oregon
Consi of 8 #2,116,Consi of 8 #2,Ariana Martinez,Life (Ga.),VFA,2:30,4-9 Emma Jones,Indiana Tech
Consi of 8 #2,116,Consi of 8 #2,Marissa Kurtz,Southern Oregon,VFA,1:12,5-0 Arieana Arias,Providence (Mont.)
Consi of 8 #2,123,Consi of 8 #2,Anna Krejsa,Life (Ga.),VSU1,14-4,1:32 Larissa Kaz,Hastings (Neb.)
Consi of 8 #2,123,Consi of 8 #2,Haley Narahara,Menlo (Calif.),VFA,5:15,7-0 Emily Paulino,Midland University (Neb.)
Consi of 8 #2,123,Consi of 8 #2,Alana Vivas,Menlo (Calif.),VSU,10-0,5:15 Allison Hynes,Central Methodist (Mo.)
Consi of 8 #2,123,Consi of 8 #2,Catharine Campbell,Grand View (Iowa),VSU1,12-2,5:41 Alicia Frank,Providence (Mont.)
Consi of 8 #2,130,Consi of 8 #2,Louisa Schwab,Menlo (Calif.),VSU,11-0,4:18 Ellyana Kuzma,Indiana Tech
Consi of 8 #2,130,Consi of 8 #2,Elizabeth Duvall,Texas Wesleyan,VPO1,15-6,Paige Respico,Providence (Mont.)
Consi of 8 #2,130,Consi of 8 #2,Devin Patton,William Penn (Iowa),VSU,13-0,5:49 Riley Dalrymple,Life (Ga.)
Consi of 8 #2,130,Consi of 8 #2,Lillian Avalos,Vanguard (Calif.),VSU,10-0,1:20 Erica Grant,Evergreen (Wash.)
Consi of 8 #2,136,Consi of 8 #2,Tiyahna Askew,Missouri Baptist,VPO1,2-1,Desinee Lopez,Southern Oregon
Consi of 8 #2,136,Consi of 8 #2,River Todd,Vanguard (Calif.),VPO1,12-8,Mattison Parker,Texas Wesleyan
Consi of 8 #2,136,Consi of 8 #2,Gianna Moreno,Friends (Kan.),VFA,0:28,4-0 Addison Messerly,Campbellsville (Ky.)
Consi of 8 #2,136,Consi of 8 #2,Stephanie Chavez,Menlo (Calif.),VPO1,7-2,Samantha Barragan,Menlo (Calif.)
Consi of 8 #2,143,Consi of 8 #2,Mea Mohler,Texas Wesleyan,VSU,10-0,2:13 Desiree Jones,Menlo (Calif.)
Consi of 8 #2,143,Consi of 8 #2,Serenity De La Garza,Missouri Valley College,VPO1,10-7,Krista Warren,Grand View (Iowa)
Consi of 8 #2,143,Consi of 8 #2,Alexandra Lopez,Menlo (Calif.),VFA,2:14,10-8 Maia Crumb,Indiana Tech
Consi of 8 #2,143,Consi of 8 #2,Reagen Gallaway,Hastings (Neb.),VSU1,13-2,4:16 Micah Fisher,Cumberlands (Ky.)
Consi of 8 #2,155,Consi of 8 #2,Shannon Workinger,Menlo (Calif.),VPO,6-0,Leilani Hernandez,Texas Wesleyan
Consi of 8 #2,155,Consi of 8 #2,Josette Partney,Missouri Baptist,VPO1,9-7,Aspen Barber,Doane (Neb.)
Consi of 8 #2,155,Consi of 8 #2,Kendra Thompson,Campbellsville (Ky.),VFA,5:24,10-2 Taydem Khamjoi,Texas Wesleyan
Consi of 8 #2,155,Consi of 8 #2,Sadie Antoque,Providence (Mont.),VPO1,5-1,Anastasia Hardin,Missouri Baptist
Consi of 8 #2,170,Consi of 8 #2,Bo Geibe,Siena Heights (Mich.),VSU1,15-2,5:01 Lily El-Masri,Vanguard (Calif.)
Consi of 8 #2,170,Consi of 8 #2,Chamira Cooper,Cumberlands (Ky.),VFA,1:23,2-3 Maggie Graham,Life (Ga.)
Consi of 8 #2,170,Consi of 8 #2,Faith Macharia,Missouri Baptist,VSU1,17-5,5:09 Kaley Rice,Texas Wesleyan
Consi of 8 #2,170,Consi of 8 #2,Aalyah Villarreal,Texas Wesleyan,VFA,4:18,4-10 Victoria Guinard,Hastings (Neb.)
Consi of 8 #2,191,Consi of 8 #2,Naomi Duenas,Cumberlands (Ky.),VPO1,9-8,Marissa Patterson,Hastings (Neb.)
Consi of 8 #2,191,Consi of 8 #2,Jannell Avila,Baker (Kan.),VPO1,7-7,Andjela Prijovic,Grand View (Iowa)
Consi of 8 #2,191,Consi of 8 #2,Olivia Brown,Grand View (Iowa),VPO1,10-1,Samyra Thomas,Jarvis Christian (Texas)
Consi of 8 #2,191,Consi of 8 #2,Elisa Robinson,Baker (Kan.),VFA,2:45,7-0 Kenisha Jacsaint,Doane (Neb.)
Consi of 8 #1,101,Consi of 8 #1,Makayla Young,Indiana Tech,VSU,10-0,2:06 Sage Beltran,Missouri Valley College
Consi of 8 #1,101,Consi of 8 #1,Audalie Cruz,Wayland Baptist (Texas),VSU1,16-6,2:52 Karina Vang,Doane (Neb.)
Consi of 8 #1,101,Consi of 8 #1,Liana Ferreira,Southern Oregon,VSU,10-0,4:56 Abbeygael Cabuag,Vanguard (Calif.)
Consi of 8 #1,101,Consi of 8 #1,Devyn Gomez,Life (Ga.),VSU1,18-7,5:24 Karly Scott,Southern Oregon
Consi of 8 #1,109,Consi of 8 #1,Angie Dill,Vanguard (Calif.),VFA,5:00,9-4 Gabrielle Medeiros,Campbellsville (Ky.)
Consi of 8 #1,109,Consi of 8 #1,Kylee Slyter,Baker (Kan.),VSU,10-0,2:06 Valeria Ahumada,Siena Heights (Mich.)
Consi of 8 #1,109,Consi of 8 #1,Liv Villanueva,Southern Oregon,VFA,2:06,6-4 Hailey Holland,Missouri Valley College
Consi of 8 #1,109,Consi of 8 #1,Nizhoni Tallman,Evergreen (Wash.),VPO1,10-5,Alyssa King,Missouri Baptist
Consi of 8 #1,116,Consi of 8 #1,Arieana Arias,Providence (Mont.),VPO1,6-4,Kaylee Annis,Southern Oregon
Consi of 8 #1,116,Consi of 8 #1,Irma Retano,Eastern Oregon,VSU,10-0,1:48 Isabelle Asuncion,Providence (Mont.)
Consi of 8 #1,116,Consi of 8 #1,Addison Saporito,Ottawa (Kan.),VPO1,4-3,Catherine Steinkamp,William Penn (Iowa)
Consi of 8 #1,116,Consi of 8 #1,Emma Jones,Indiana Tech,VFA,2:44,6-2 Jo'Neisha Kennedy,Wayland Baptist (Texas)
Consi of 8 #1,123,Consi of 8 #1,Larissa Kaz,Hastings (Neb.),VFA,3:45,11-5 Cameron Ortiz,Campbellsville (Ky.)
Consi of 8 #1,123,Consi of 8 #1,Allison Hynes,Central Methodist (Mo.),VSU,10-0,5:22 Carolina Rios,Texas Wesleyan
Consi of 8 #1,123,Consi of 8 #1,Haley Narahara,Menlo (Calif.),VSU,10-0,1:17 Loretta Lopez,Vanguard (Calif.)
Consi of 8 #1,123,Consi of 8 #1,Alicia Frank,Providence (Mont.),VFA,3:59,12-9 Ellabelle Taylor,Evergreen (Wash.)
Consi of 8 #1,130,Consi of 8 #1,Riley Dalrymple,Life (Ga.),VSU,10-0,1:47 Madeline Santana,Missouri Valley College
Consi of 8 #1,130,Consi of 8 #1,Erica Grant,Evergreen (Wash.),VFA,4:07,11-16 Olivia Messerly,Campbellsville (Ky.)
Consi of 8 #1,130,Consi of 8 #1,Paige Respico,Providence (Mont.),VFA,1:27,10-0 Alisha Van Scoy,St. Mary (Kan.)
Consi of 8 #1,130,Consi of 8 #1,Ellyana Kuzma,Indiana Tech,VFA,5:16,8-5 Chloe Herrick,Missouri Baptist
Consi of 8 #1,136,Consi of 8 #1,Mattison Parker,Texas Wesleyan,VSU,11-0,4:09 Kaydince Turner,Hastings (Neb.)
Consi of 8 #1,136,Consi of 8 #1,Samantha Barragan,Menlo (Calif.),VSU,10-0,3:24 Lilly Gough,Central Methodist (Mo.)
Consi of 8 #1,136,Consi of 8 #1,Desinee Lopez,Southern Oregon,VPO1,7-3,Aileen Lester,Ottawa (Kan.)
Consi of 8 #1,136,Consi of 8 #1,Gianna Moreno,Friends (Kan.),VSU1,12-2,2:43 Jalynn Patino,Texas Wesleyan
Consi of 8 #1,143,Consi of 8 #1,Desiree Jones,Menlo (Calif.),VPO1,4-2,Randie Scoon,Ottawa (Kan.)
Consi of 8 #1,143,Consi of 8 #1,Reagen Gallaway,Hastings (Neb.),VSU,10-0,2:50 Marissa Jimenez,Oklahoma City
Consi of 8 #1,143,Consi of 8 #1,Serenity De La Garza,Missouri Valley College,VFA,2:29,9-2 Makayla Munoz,Oklahoma City
Consi of 8 #1,143,Consi of 8 #1,Maia Crumb,Indiana Tech,VFA,0:33,2-0 Isabelle Hawley,William Penn (Iowa)
Consi of 8 #1,155,Consi of 8 #1,Leilani Hernandez,Texas Wesleyan,VFA,1:16,4-0 Presley McCandlish,Oklahoma City
Consi of 8 #1,155,Consi of 8 #1,Aspen Barber,Doane (Neb.),VFA,2:19,5-4 Cydney Bassett,Indiana Tech
Consi of 8 #1,155,Consi of 8 #1,Anastasia Hardin,Missouri Baptist,VFA,1:31,2-0 Lisa Hoeflich,Hastings (Neb.)
Consi of 8 #1,170,Consi of 8 #1,Lily El-Masri,Vanguard (Calif.),VPO1,8-4,Saiheron Preciado-Meza,Cumberlands (Ky.)
Consi of 8 #1,170,Consi of 8 #1,Chamira Cooper,Cumberlands (Ky.),VPO,9-0,Gabrielle Holloway,St. Andrews (N.C.)
Consi of 8 #1,170,Consi of 8 #1,Kaley Rice,Texas Wesleyan,VFA,1:43,4-2 Jaclyn Daley,Baker (Kan.)
Consi of 8 #1,170,Consi of 8 #1,Victoria Guinard,Hastings (Neb.),VFA,4:09,6-2 Payton Curley,Lourdes (Ohio)
Consi of 8 #1,191,Consi of 8 #1,Samyra Thomas,Jarvis Christian (Texas),VFA,0:22,4-0 Madeline Welch,Life (Ga.)
Consi of 8 #1,191,Consi of 8 #1,Naomi Duenas,Cumberlands (Ky.),VFA,0:49,4-1 Payton Sholander,Wayland Baptist (Texas)
Consi of 8 #1,191,Consi of 8 #1,Elisa Robinson,Baker (Kan.),VFA,1:08,6-0 Agatha Andrews,Jamestown (N.D.)
Consi of 8 #1,191,Consi of 8 #1,Andjela Prijovic,Grand View (Iowa),VFA,1:36,4-0 Ryann Rumsey,Oklahoma City
Consi of 16 #2,101,Consi of 16 #2,Makayla Young,Indiana Tech,VPO1,5-2,Shanna Morris,Lourdes (Ohio)
Consi of 16 #2,101,Consi of 16 #2,Liana Ferreira,Southern Oregon,VFA,0:55,4-0 Teya Garner,William Penn (Iowa)
Consi of 16 #2,101,Consi of 16 #2,Devyn Gomez,Life (Ga.),VFA,1:43,8-8 Sofia Abramson,Oklahoma City
Consi of 16 #2,109,Consi of 16 #2,Nizhoni Tallman,Evergreen (Wash.),VSU1,12-2,4:41 Aynsley Fink,Ottawa (Kan.)
Consi of 16 #2,109,Consi of 16 #2,Hailey Holland,Missouri Valley College,VSU1,16-3,5:01 Rayana Sahagun,Jamestown (N.D.)
Consi of 16 #2,109,Consi of 16 #2,Angie Dill,Vanguard (Calif.),VSU1,12-1,2:11 Judy Sandoval,Grand View (Iowa)
Consi of 16 #2,116,Consi of 16 #2,Addison Saporito,Ottawa (Kan.),VFA,5:30,17-8 Markayla Lottie,Avila (Mo.)
Consi of 16 #2,116,Consi of 16 #2,Irma Retano,Eastern Oregon,VPO1,6-5,Jamesa Robinson,Brewton Parker (Ga.)
Consi of 16 #2,123,Consi of 16 #2,Larissa Kaz,Hastings (Neb.),VPO1,14-12,Trinity Howard,Montreat (N.C.)
Consi of 16 #2,123,Consi of 16 #2,Alicia Frank,Providence (Mont.),VFA,4:58,14-6 Paige Chafin,Eastern Oregon
Consi of 16 #2,123,Consi of 16 #2,Allison Hynes,Central Methodist (Mo.),VPO1,11-2,Josie Davis,Campbellsville (Ky.)
Consi of 16 #2,123,Consi of 16 #2,Cameron Ortiz,Campbellsville (Ky.),VFA,5:45,10-6 Isabelle Silva,Indiana Tech
Consi of 16 #2,123,Consi of 16 #2,Loretta Lopez,Vanguard (Calif.),VSU,10-0,2:33 Kaitlin Castro,Cumberlands (Ky.)
Consi of 16 #2,130,Consi of 16 #2,Ellyana Kuzma,Indiana Tech,VFA,4:56,15-8 Destiny Campbell,Oklahoma City
Consi of 16 #2,130,Consi of 16 #2,Madeline Santana,Missouri Valley College,VFA,0:56,4-2 Peyton Hand,Ottawa (Kan.)
Consi of 16 #2,130,Consi of 16 #2,Alisha Van Scoy,St. Mary (Kan.),VFA,4:46,4-5 Nonnie Justice,Central Methodist (Mo.)
Consi of 16 #2,130,Consi of 16 #2,Erica Grant,Evergreen (Wash.),VSU,10-0,0:31 Anna Rodriguez,Eastern Oregon
Consi of 16 #2,130,Consi of 16 #2,Olivia Messerly,Campbellsville (Ky.),VPO1,8-7,Bryce White,Oklahoma City
Consi of 16 #2,136,Consi of 16 #2,Mattison Parker,Texas Wesleyan,VPO1,13-12,Willow Barnes,Missouri Valley College
Consi of 16 #2,136,Consi of 16 #2,Aileen Lester,Ottawa (Kan.),VPO1,4-2,Gabriella Perez,Campbellsville (Ky.)
Consi of 16 #2,136,Consi of 16 #2,Samantha Barragan,Menlo (Calif.),VFA,1:22,4-0 Carley Anderson,Indiana Tech
Consi of 16 #2,136,Consi of 16 #2,Lilly Gough,Central Methodist (Mo.),VPO1,8-3,Piper Hall,Vanguard (Calif.)
Consi of 16 #2,136,Consi of 16 #2,Kaydince Turner,Hastings (Neb.),VFA,3:35,8-4 Keilani Guillermo,Wayland Baptist (Texas)
Consi of 16 #2,136,Consi of 16 #2,Desinee Lopez,Southern Oregon,VFA,3:24,6-0 Angelina Prado,Life (Ga.)
Consi of 16 #2,136,Consi of 16 #2,Gianna Moreno,Friends (Kan.),VSU,10-0,1:18 Bridgette Sotomayor,Doane (Neb.)
Consi of 16 #2,136,Consi of 16 #2,Jalynn Patino,Texas Wesleyan,VFA,4:01,7-2 Natalia Posada,Oklahoma City
Consi of 16 #2,143,Consi of 16 #2,Desiree Jones,Menlo (Calif.),VSU,10-0,1:39 Livia Swift,Ottawa (Kan.)
Consi of 16 #2,143,Consi of 16 #2,Makayla Munoz,Oklahoma City,VPO1,10-5,Naida Abdijanovic,William Penn (Iowa)
Consi of 16 #2,143,Consi of 16 #2,Marissa Jimenez,Oklahoma City,VFA,0:35,4-0 Kailey Rees,Providence (Mont.)
Consi of 16 #2,143,Consi of 16 #2,Serenity De La Garza,Missouri Valley College,VFA,1:19,8-2 Marish Wahl,Dickinson State (N.D.)
Consi of 16 #2,143,Consi of 16 #2,Reagen Gallaway,Hastings (Neb.),VFA,1:10,2-0 Maria Slaughter,Missouri Valley College
Consi of 16 #2,155,Consi of 16 #2,Kendra Thompson,Campbellsville (Ky.),VSU,10-0,5:13 Ariana Pereira,Cumberlands (Ky.)
Consi of 16 #2,155,Consi of 16 #2,Leilani Hernandez,Texas Wesleyan,VSU1,15-4,2:44 Elisa Falcetti,Missouri Valley College
Consi of 16 #2,155,Consi of 16 #2,Cydney Bassett,Indiana Tech,VSU,10-0,1:59 Haidyn Snyder,Grand View (Iowa)
Consi of 16 #2,170,Consi of 16 #2,Lily El-Masri,Vanguard (Calif.),VFA,4:53,9-2 Aime Hernandez-Perez,York (Neb.)
Consi of 16 #2,170,Consi of 16 #2,Chamira Cooper,Cumberlands (Ky.),VPO,7-0,Katelyn Lewis,Providence (Mont.)
Consi of 16 #2,170,Consi of 16 #2,Victoria Guinard,Hastings (Neb.),VSU1,14-3,4:03 Mahogoney Casel,Wayland Baptist (Texas)
Consi of 16 #2,170,Consi of 16 #2,Jaclyn Daley,Baker (Kan.),VPO1,5-3,Kacey Lee-Pua,Providence (Mont.)
Consi of 16 #1,136,Consi of 16 #1,Keilani Guillermo,Wayland Baptist (Texas),VFA,4:14,14-11 Aniseta Acosta,Missouri Valley College
