weight_class,round,winner,winner_school,win_type,loser,loser_school,score
103,1st Place Match,Erin Hikiji,Providence,tech fall,Zoey Haney,Indiana Tech,TF 11-0
103,3rd Place Match,Makennah Craft,Campbellsville,tech fall,Alexsys Jacquez,Saint Mary,TF 11-0
103,5th Place Match,Lita Cruz,Grand View,decision,Alexis Miller,Oklahoma City,Dec 8-4
103,7th Place Match,Aynsley Fink,Ottawa,tech fall,Isabelle Apple,Grand View,TF 11-0
103,Cons. Semi,Alexsys Jacquez,Saint Mary,decision,Alexis Miller,Oklahoma City,Dec 13-8
103,Cons. Semi,Makennah Craft,Campbellsville,decision,Lita Cruz,Grand View,Dec 5-4
103,Cons. Round 5,Alexsys Jacquez,Saint Mary,tech fall,Aynsley Fink,Ottawa,TF 15-2
103,Cons. Round 5,Makennah Craft,Campbellsville,decision,Isabelle Apple,Grand View,Dec 7-5
103,Semifinal,Erin Hikiji,Providence,tech fall,Lita Cruz,Grand View,TF 10-0
103,Semifinal,Zoey Haney,Indiana Tech,fall,Alexis Miller,Oklahoma City,Fall 1:55
103,Cons. Round 4,Aynsley Fink,Ottawa,decision,Calli Connally,Wayland Baptist,Dec 6-2
103,Cons. Round 4,Alexsys Jacquez,Saint Mary,tech fall,Destiny Jones,Saint Mary,TF 13-2
103,Cons. Round 4,Makennah Craft,Campbellsville,fall,Makayla Young,Indiana Tech,Fall 0:48
103,Cons. Round 4,Isabelle Apple,Grand View,fall,Liana Ferreira,Southern Oregon,Fall 3:39
103,Cons. Round 3,Calli Connally,Wayland Baptist,tech fall,Alexandra Evans,Rio Grande,TF 12-1
103,Cons. Round 3,Destiny Jones,Saint Mary,fall,Zoey Mzeru,Central Methodist,Fall 0:30
103,Cons. Round 3,Makayla Young,Indiana Tech,fall,Morgan Repasky,Montreat,Fall 2:53
103,Cons. Round 3,Liana Ferreira,Southern Oregon,fall,Karina Vang,Doane,Fall 4:47
103,Quarterfinal,Erin Hikiji,Providence,decision,Alexsys Jacquez,Saint Mary,Dec 11-4
103,Quarterfinal,Lita Cruz,Grand View,decision,Aynsley Fink,Ottawa,Dec 6-4
103,Quarterfinal,Zoey Haney,Indiana Tech,decision,Isabelle Apple,Grand View,Dec 5-4
103,Quarterfinal,Alexis Miller,Oklahoma City,fall,Makennah Craft,Campbellsville,Fall 2:09
103,Cons. Round 2,Calli Connally,Wayland Baptist,tech fall,Mackenzie Gilbert,Waldorf,TF 10-0
103,Cons. Round 2,Makayla Young,Indiana Tech,decision,Isabella Bocanegra,Providence,Dec 4-2
103,Cons. Round 2,Liana Ferreira,Southern Oregon,fall,Kimberly Navarette,Doane,Fall 5:51
103,Champ. Round 2,Erin Hikiji,Providence,decision,Liana Ferreira,Southern Oregon,Dec 8-1
103,Champ. Round 2,Alexsys Jacquez,Saint Mary,tech fall,Karina Vang,Doane,TF 11-0
103,Champ. Round 2,Aynsley Fink,Ottawa,tech fall,Makayla Young,Indiana Tech,TF 10-0
103,Champ. Round 2,Lita Cruz,Grand View,fall,Morgan Repasky,Montreat,Fall 5:50
103,Champ. Round 2,Zoey Haney,Indiana Tech,tech fall,Zoey Mzeru,Central Methodist,TF 10-0
103,Champ. Round 2,Isabelle Apple,Grand View,fall,Destiny Jones,Saint Mary,Fall 2:46
103,Champ. Round 2,Alexis Miller,Oklahoma City,fall,Alexandra Evans,Rio Grande,Fall 1:34
103,Champ. Round 2,Makennah Craft,Campbellsville,decision,Calli Connally,Wayland Baptist,Dec 6-5
103,Champ. Round 1,Erin Hikiji,Providence,tech fall,Mackenzie Gilbert,Waldorf,TF 10-0
103,Champ. Round 1,Isabelle Apple,Grand View,tech fall,Isabella Bocanegra,Providence,TF 12-2
103,Champ. Round 1,Calli Connally,Wayland Baptist,fall,Kimberly Navarette,Doane,Fall 0:59
110,1st Place Match,Mia Palumbo,William Penn,tech fall,Avery Ashley,Oklahoma City,TF 10-0
110,3rd Place Match,Tristan Nitta,Grand View,fall,Kylie Robledo,Baker,Fall 4:28
110,5th Place Match,Kayla McNatt,Arizona Christian,injury default,Paige Morales,Providence,Inj. 0:00
110,7th Place Match,Avy Perez,William Penn,fall,Chloe Brewis,Hastings,Fall 2:59
110,Cons. Semi,Kylie Robledo,Baker,decision,Paige Morales,Providence,Dec 7-0
110,Cons. Semi,Tristan Nitta,Grand View,fall,Kayla McNatt,Arizona Christian,Fall 4:17
110,Cons. Round 5,Kylie Robledo,Baker,decision,Chloe Brewis,Hastings,Dec 18-10
110,Cons. Round 5,Tristan Nitta,Grand View,fall,Avy Perez,William Penn,Fall 1:01
110,Semifinal,Mia Palumbo,William Penn,tech fall,Kayla McNatt,Arizona Christian,TF 10-0
110,Semifinal,Avery Ashley,Oklahoma City,fall,Paige Morales,Providence,Fall 2:48
110,Cons. Round 4,Chloe Brewis,Hastings,fall,Jenna Gerhardt,Dickinson State,Fall 4:53
110,Cons. Round 4,Kylie Robledo,Baker,decision,Emma Jones,Indiana Tech,Dec 6-3
110,Cons. Round 4,Tristan Nitta,Grand View,tech fall,Eliana Martinez,Grand View,TF 10-0
110,Cons. Round 4,Avy Perez,William Penn,tech fall,Reagan Thomas,Lindsey Wilson,TF 10-0
110,Cons. Round 3,Chloe Brewis,Hastings,tech fall,Myriam Riley,Dickinson State,TF 10-0
110,Cons. Round 3,Kylie Robledo,Baker,tech fall,Julia Snyder,Rochester Christian,TF 11-0
110,Cons. Round 3,Tristan Nitta,Grand View,fall,Makenize Smith,Indiana Tech,Fall 2:35
110,Cons. Round 3,Reagan Thomas,Lindsey Wilson,fall,Kayla Shota,Providence,Fall 1:33
110,Quarterfinal,Mia Palumbo,William Penn,tech fall,Emma Jones,Indiana Tech,TF 11-0
110,Quarterfinal,Kayla McNatt,Arizona Christian,fall,Jenna Gerhardt,Dickinson State,Fall 2:50
110,Quarterfinal,Paige Morales,Providence,decision,Avy Perez,William Penn,Dec 8-4
110,Quarterfinal,Avery Ashley,Oklahoma City,decision,Eliana Martinez,Grand View,Dec 8-3
110,Cons. Round 2,Chloe Brewis,Hastings,tech fall,De`yton Young,Missouri Baptist,TF 13-0
110,Cons. Round 2,Myriam Riley,Dickinson State,decision,Raelynn O`Connor,Hastings,Dec 19-14
110,Cons. Round 2,Julia Snyder,Rochester Christian,injury default,Nizhoni Tallman,Evergreen State,Inj. 0:00
110,Cons. Round 2,Kylie Robledo,Baker,tech fall,Raquel Garcia,Missouri Valley,TF 10-0
110,Cons. Round 2,Makenize Smith,Indiana Tech,decision,Diana Gonzalez,Life,Dec 10-2
110,Cons. Round 2,Kayla Shota,Providence,tech fall,Kaylynn Martin,Friends,TF 10-0
110,Cons. Round 2,Reagan Thomas,Lindsey Wilson,decision,Gracie Elliott,Texas Wesleyan,Dec 6-5
110,Champ. Round 2,Mia Palumbo,William Penn,tech fall,Reagan Thomas,Lindsey Wilson,TF 10-0
110,Champ. Round 2,Emma Jones,Indiana Tech,fall,Kayla Shota,Providence,Fall 0:50
110,Champ. Round 2,Jenna Gerhardt,Dickinson State,decision,Diana Gonzalez,Life,Dec 4-0
110,Champ. Round 2,Kayla McNatt,Arizona Christian,decision,Tristan Nitta,Grand View,Dec 6-6
110,Champ. Round 2,Paige Morales,Providence,decision,Kylie Robledo,Baker,Dec 9-2
110,Champ. Round 2,Avy Perez,William Penn,decision,Nizhoni Tallman,Evergreen State,Dec 9-1
110,Champ. Round 2,Eliana Martinez,Grand View,tech fall,Myriam Riley,Dickinson State,TF 12-0
110,Champ. Round 2,Avery Ashley,Oklahoma City,forfeit,Chloe Brewis,Hastings,FF
110,Champ. Round 1,Mia Palumbo,William Penn,fall,De`yton Young,Missouri Baptist,Fall 1:54
110,Champ. Round 1,Kayla Shota,Providence,tech fall,Raelynn O`Connor,Hastings,TF 12-0
110,Champ. Round 1,Diana Gonzalez,Life,decision,Julia Snyder,Rochester Christian,Dec 7-2
110,Champ. Round 1,Tristan Nitta,Grand View,fall,Raquel Garcia,Missouri Valley,Fall 1:37
110,Champ. Round 1,Avy Perez,William Penn,decision,Makenize Smith,Indiana Tech,Dec 7-1
110,Champ. Round 1,Eliana Martinez,Grand View,fall,Kaylynn Martin,Friends,Fall 0:44
110,Champ. Round 1,Chloe Brewis,Hastings,decision,Gracie Elliott,Texas Wesleyan,Dec 8-5
117,1st Place Match,Christianah Ogunsanya,William Penn,decision,Salyna Shotwell,Life,Dec 5-0
117,3rd Place Match,Zao Estrada,Missouri Valley,tech fall,Cailin Campbell,Grand View,TF 10-0
117,5th Place Match,Grace Lashinsky,Lindsey Wilson,fall,Carolina Rios,Texas Wesleyan,Fall 4:13
117,7th Place Match,Joely Slyter,Providence,tech fall,Angelica Vicente Gonzalez,Doane,TF 12-1
117,Cons. Semi,Zao Estrada,Missouri Valley,tech fall,Carolina Rios,Texas Wesleyan,TF 12-1
117,Cons. Semi,Cailin Campbell,Grand View,tech fall,Grace Lashinsky,Lindsey Wilson,TF 11-0
117,Cons. Round 5,Carolina Rios,Texas Wesleyan,decision,Angelica Vicente Gonzalez,Doane,Dec 3-0
117,Cons. Round 5,Grace Lashinsky,Lindsey Wilson,decision,Joely Slyter,Providence,Dec 5-4
117,Semifinal,Christianah Ogunsanya,William Penn,tech fall,Cailin Campbell,Grand View,TF 13-1
117,Semifinal,Salyna Shotwell,Life,fall,Zao Estrada,Missouri Valley,Fall 2:20
117,Cons. Round 4,Carolina Rios,Texas Wesleyan,fall,Sigrun Metzger,Ottawa,Fall 0:28
117,Cons. Round 4,Angelica Vicente Gonzalez,Doane,decision,Addison Saporito,Ottawa,Dec 7-3
117,Cons. Round 4,Joely Slyter,Providence,decision,Mayangelie Colon,Grand View,Dec 6-2
117,Cons. Round 4,Grace Lashinsky,Lindsey Wilson,tech fall,Chloe Herrick,Baker,TF 10-0
117,Cons. Round 3,Sigrun Metzger,Ottawa,tech fall,Gloria Diaz,Eastern Oregon,TF 12-2
117,Cons. Round 3,Angelica Vicente Gonzalez,Doane,fall,Taylor Hood,Midland,Fall 1:01
117,Cons. Round 3,Mayangelie Colon,Grand View,fall,Sarah Pineda,Missouri Valley,Fall 1:53
117,Cons. Round 3,Chloe Herrick,Baker,fall,Callie Payton,Lindsey Wilson,Fall 5:24
117,Quarterfinal,Christianah Ogunsanya,William Penn,tech fall,Addison Saporito,Ottawa,TF 11-0
117,Quarterfinal,Cailin Campbell,Grand View,tech fall,Carolina Rios,Texas Wesleyan,TF 11-0
117,Quarterfinal,Zao Estrada,Missouri Valley,tech fall,Grace Lashinsky,Lindsey Wilson,TF 10-0
117,Quarterfinal,Salyna Shotwell,Life,fall,Joely Slyter,Providence,Fall 5:18
117,Cons. Round 2,Sigrun Metzger,Ottawa,fall,Yusneiry Agrazal,Central Methodist,Fall 1:30
117,Cons. Round 2,Angelica Vicente Gonzalez,Doane,fall,Lakota Rogers,Bismarck State,Fall 0:29
117,Cons. Round 2,Mayangelie Colon,Grand View,tech fall,Mariah Dillard,Wayland Baptist,TF 13-2
117,Cons. Round 2,Callie Payton,Lindsey Wilson,tech fall,Mikayla Jardine,Dickinson State,TF 12-2
117,Champ. Round 2,Christianah Ogunsanya,William Penn,tech fall,Callie Payton,Lindsey Wilson,TF 10-0
117,Champ. Round 2,Addison Saporito,Ottawa,decision,Chloe Herrick,Baker,Dec 6-2
117,Champ. Round 2,Carolina Rios,Texas Wesleyan,fall,Mayangelie Colon,Grand View,Fall 1:56
117,Champ. Round 2,Cailin Campbell,Grand View,tech fall,Sarah Pineda,Missouri Valley,TF 12-2
117,Champ. Round 2,Zao Estrada,Missouri Valley,tech fall,Angelica Vicente Gonzalez,Doane,TF 10-0
117,Champ. Round 2,Grace Lashinsky,Lindsey Wilson,tech fall,Taylor Hood,Midland,TF 10-0
117,Champ. Round 2,Joely Slyter,Providence,fall,Sigrun Metzger,Ottawa,Fall 1:06
117,Champ. Round 2,Salyna Shotwell,Life,fall,Gloria Diaz,Eastern Oregon,Fall 1:02
117,Champ. Round 1,Chloe Herrick,Baker,fall,Yusneiry Agrazal,Central Methodist,Fall 5:03
117,Champ. Round 1,Cailin Campbell,Grand View,fall,Lakota Rogers,Bismarck State,Fall 1:02
117,Champ. Round 1,Grace Lashinsky,Lindsey Wilson,fall,Mariah Dillard,Wayland Baptist,Fall 2:20
117,Champ. Round 1,Salyna Shotwell,Life,fall,Mikayla Jardine,Dickinson State,Fall 0:58
124,1st Place Match,Cristelle Rodriguez,Doane,tech fall,Rose Kaplan,Indiana Tech,TF 10-0
124,3rd Place Match,Vicky Baez-Dilone,William Penn,fall,Rei Ogden,Bismarck State,Fall 0:17
124,5th Place Match,Kamilah Brooks,Lindsey Wilson,fall,Alyssa Randles,Providence,Fall 5:21
124,7th Place Match,Catherine Campbell,Grand View,tech fall,Lola Barkby,Indiana Tech,TF 11-0
124,Cons. Semi,Rei Ogden,Bismarck State,decision,Kamilah Brooks,Lindsey Wilson,Dec 8-3
124,Cons. Semi,Vicky Baez-Dilone,William Penn,fall,Alyssa Randles,Providence,Fall 1:01
124,Cons. Round 5,Rei Ogden,Bismarck State,fall,Catherine Campbell,Grand View,Fall 4:28
124,Cons. Round 5,Alyssa Randles,Providence,tech fall,Lola Barkby,Indiana Tech,TF 10-0
124,Semifinal,Cristelle Rodriguez,Doane,tech fall,Vicky Baez-Dilone,William Penn,TF 11-0
124,Semifinal,Rose Kaplan,Indiana Tech,decision,Kamilah Brooks,Lindsey Wilson,Dec 2-1
124,Cons. Round 4,Rei Ogden,Bismarck State,fall,Anna Krejsa,Life,Fall 2:03
124,Cons. Round 4,Catherine Campbell,Grand View,tech fall,Kaitlin Castro,Cumberlands,TF 10-0
124,Cons. Round 4,Lola Barkby,Indiana Tech,fall,Tati Paragas,William Penn,Fall 2:29
124,Cons. Round 4,Alyssa Randles,Providence,tech fall,Maya Davis,Grand View,TF 12-2
124,Cons. Round 3,Rei Ogden,Bismarck State,decision,Addison Messerly,Campbellsville,Dec 14-9
124,Cons. Round 3,Catherine Campbell,Grand View,decision,Kaylee Annis,Southern Oregon,Dec 2-0
124,Cons. Round 3,Lola Barkby,Indiana Tech,fall,Jazmine Turner,Dickinson State,Fall 4:11
124,Cons. Round 3,Maya Davis,Grand View,fall,Jasmina Immaeva,Missouri Valley,Fall 5:34
124,Quarterfinal,Cristelle Rodriguez,Doane,tech fall,Kaitlin Castro,Cumberlands,TF 10-0
124,Quarterfinal,Vicky Baez-Dilone,William Penn,tech fall,Anna Krejsa,Life,TF 10-0
124,Quarterfinal,Kamilah Brooks,Lindsey Wilson,decision,Alyssa Randles,Providence,Dec 6-6
124,Quarterfinal,Rose Kaplan,Indiana Tech,fall,Tati Paragas,William Penn,Fall 2:51
124,Cons. Round 2,Addison Messerly,Campbellsville,tech fall,Berlin Kiddoo,Central Methodist,TF 10-0
124,Cons. Round 2,Catherine Campbell,Grand View,tech fall,Tess Barnett,Wayland Baptist,TF 10-0
124,Cons. Round 2,Kaylee Annis,Southern Oregon,decision,Ellabelle Taylor,Evergreen State,Dec 8-4
124,Cons. Round 2,Jazmine Turner,Dickinson State,fall,Isla Baeza,Missouri Valley,Fall 5:18
124,Cons. Round 2,Lola Barkby,Indiana Tech,decision,Jes`Onia Barefield,Georgetown,Dec 8-2
124,Cons. Round 2,Maya Davis,Grand View,fall,Daniela Espinal,Montreat,Fall 2:08
124,Cons. Round 2,Jasmina Immaeva,Missouri Valley,fall,Myia Weiler,Southern Oregon,Fall 5:06
124,Champ. Round 2,Cristelle Rodriguez,Doane,tech fall,Myia Weiler,Southern Oregon,TF 10-0
124,Champ. Round 2,Kaitlin Castro,Cumberlands,fall,Maya Davis,Grand View,Fall 1:34
124,Champ. Round 2,Anna Krejsa,Life,tech fall,Lola Barkby,Indiana Tech,TF 10-0
124,Champ. Round 2,Vicky Baez-Dilone,William Penn,tech fall,Isla Baeza,Missouri Valley,TF 10-0
124,Champ. Round 2,Kamilah Brooks,Lindsey Wilson,decision,Kaylee Annis,Southern Oregon,Dec 8-4
124,Champ. Round 2,Alyssa Randles,Providence,decision,Catherine Campbell,Grand View,Dec 3-2
124,Champ. Round 2,Tati Paragas,William Penn,decision,Berlin Kiddoo,Central Methodist,Dec 10-7
124,Champ. Round 2,Rose Kaplan,Indiana Tech,fall,Rei Ogden,Bismarck State,Fall 0:57
124,Champ. Round 1,Maya Davis,Grand View,decision,Addison Messerly,Campbellsville,Dec 5-4
124,Champ. Round 1,Anna Krejsa,Life,tech fall,Tess Barnett,Wayland Baptist,TF 14-4
124,Champ. Round 1,Vicky Baez-Dilone,William Penn,tech fall,Ellabelle Taylor,Evergreen State,TF 18-8
124,Champ. Round 1,Kamilah Brooks,Lindsey Wilson,decision,Jazmine Turner,Dickinson State,Dec 9-2
124,Champ. Round 1,Catherine Campbell,Grand View,fall,Jes`Onia Barefield,Georgetown,Fall 2:18
124,Champ. Round 1,Berlin Kiddoo,Central Methodist,tech fall,Daniela Espinal,Montreat,TF 13-2
124,Champ. Round 1,Rose Kaplan,Indiana Tech,fall,Jasmina Immaeva,Missouri Valley,Fall 2:54
131,1st Place Match,Jumoke Adekoye,Dickinson State,tech fall,Olivia Mottley,Life,TF 10-0
131,3rd Place Match,Waipuilani Estrella-Beauchamp,Providence,fall,Sarah Savidge,Life,Fall 0:33
131,5th Place Match,Kendall Bostelman,William Penn,tech fall,Jeila Ramos,Lindsey Wilson,TF 11-0
131,7th Place Match,Alexis Schneider,Bismarck State,tech fall,Larissa Kaz,Hastings,TF 14-4
131,Cons. Semi,Waipuilani Estrella-Beauchamp,Providence,tech fall,Jeila Ramos,Lindsey Wilson,TF 11-0
131,Cons. Semi,Sarah Savidge,Life,decision,Kendall Bostelman,William Penn,Dec 8-0
131,Cons. Round 5,Jeila Ramos,Lindsey Wilson,tech fall,Larissa Kaz,Hastings,TF 13-2
131,Cons. Round 5,Kendall Bostelman,William Penn,decision,Alexis Schneider,Bismarck State,Dec 9-6
131,Semifinal,Olivia Mottley,Life,decision,Sarah Savidge,Life,Dec 7-2
131,Semifinal,Jumoke Adekoye,Dickinson State,decision,Waipuilani Estrella-Beauchamp,Providence,Dec 6-3
131,Cons. Round 4,Larissa Kaz,Hastings,decision,Elizabeth Duvall,Texas Wesleyan,Dec 9-4
131,Cons. Round 4,Jeila Ramos,Lindsey Wilson,fall,Mary Jane Porter,Cumberlands,Fall 5:29
131,Cons. Round 4,Kendall Bostelman,William Penn,tech fall,Bronwyn Brenneman,William Penn,TF 10-0
131,Cons. Round 4,Alexis Schneider,Bismarck State,fall,Olivia Messerly,Campbellsville,Fall 4:15
131,Cons. Round 3,Elizabeth Duvall,Texas Wesleyan,fall,Andrea Hernandez,Indiana Tech,Fall 0:29
131,Cons. Round 3,Mary Jane Porter,Cumberlands,tech fall,Jill High,York,TF 13-2
131,Cons. Round 3,Bronwyn Brenneman,William Penn,decision,Madison Pena,Wayland Baptist,Dec 6-0
131,Cons. Round 3,Olivia Messerly,Campbellsville,decision,Jade Morales,Southern Oregon,Dec 10-6
131,Quarterfinal,Sarah Savidge,Life,decision,Jeila Ramos,Lindsey Wilson,Dec 6-2
131,Quarterfinal,Olivia Mottley,Life,tech fall,Larissa Kaz,Hastings,TF 15-4
131,Quarterfinal,Jumoke Adekoye,Dickinson State,tech fall,Alexis Schneider,Bismarck State,TF 10-0
131,Quarterfinal,Waipuilani Estrella-Beauchamp,Providence,fall,Kendall Bostelman,William Penn,Fall 4:09
131,Cons. Round 2,Elizabeth Duvall,Texas Wesleyan,decision,Ashlee Palimo`o,Doane,Dec 8-3
131,Cons. Round 2,Jill High,York,fall,Lexie Garza,Eastern Oregon,Fall 1:36
131,Cons. Round 2,Bronwyn Brenneman,William Penn,fall,Bryce White,Oklahoma City,Fall 5:50
131,Cons. Round 2,Madison Pena,Wayland Baptist,tech fall,Makenna Duran,Eastern Oregon,TF 16-5
131,Cons. Round 2,Jade Morales,Southern Oregon,decision,Aileya Sath,Baker,Dec 7-0
131,Champ. Round 2,Sarah Savidge,Life,fall,Jade Morales,Southern Oregon,Fall 1:48
131,Champ. Round 2,Jeila Ramos,Lindsey Wilson,fall,Olivia Messerly,Campbellsville,Fall 1:13
131,Champ. Round 2,Larissa Kaz,Hastings,tech fall,Makenna Duran,Eastern Oregon,TF 12-2
131,Champ. Round 2,Olivia Mottley,Life,decision,Bronwyn Brenneman,William Penn,Dec 8-0
131,Champ. Round 2,Jumoke Adekoye,Dickinson State,tech fall,Lexie Garza,Eastern Oregon,TF 10-0
131,Champ. Round 2,Alexis Schneider,Bismarck State,decision,Mary Jane Porter,Cumberlands,Dec 9-2
131,Champ. Round 2,Kendall Bostelman,William Penn,tech fall,Andrea Hernandez,Indiana Tech,TF 11-0
131,Champ. Round 2,Waipuilani Estrella-Beauchamp,Providence,fall,Ashlee Palimo`o,Doane,Fall 2:27
131,Champ. Round 1,Sarah Savidge,Life,tech fall,Elizabeth Duvall,Texas Wesleyan,TF 11-0
131,Champ. Round 1,Olivia Mottley,Life,tech fall,Jill High,York,TF 11-0
131,Champ. Round 1,Jumoke Adekoye,Dickinson State,tech fall,Bryce White,Oklahoma City,TF 10-0
131,Champ. Round 1,Alexis Schneider,Bismarck State,decision,Madison Pena,Wayland Baptist,Dec 9-0
131,Champ. Round 1,Waipuilani Estrella-Beauchamp,Providence,tech fall,Aileya Sath,Baker,TF 10-0
138,1st Place Match,Esther Kolawole,William Penn,tech fall,Zaynah McBryde,Life,TF 10-0
138,3rd Place Match,Samantha Barragan,Texas Wesleyan,tech fall,Maci Avila,Midland,TF 12-2
138,5th Place Match,Haley Le,Evergreen State,tech fall,Aileen Lester,Ottawa,TF 10-0
138,7th Place Match,Reagen Gallaway,Hastings,decision,Skylur Lewis,Saint Mary,Dec 2-2
138,Cons. Semi,Samantha Barragan,Texas Wesleyan,fall,Haley Le,Evergreen State,Fall 3:00
138,Cons. Semi,Maci Avila,Midland,decision,Aileen Lester,Ottawa,Dec 13-6
138,Cons. Round 5,Haley Le,Evergreen State,injury default,Skylur Lewis,Saint Mary,Inj. 4:07
138,Cons. Round 5,Maci Avila,Midland,decision,Reagen Gallaway,Hastings,Dec 11-4
138,Semifinal,Esther Kolawole,William Penn,tech fall,Aileen Lester,Ottawa,TF 10-0
138,Semifinal,Zaynah McBryde,Life,tech fall,Samantha Barragan,Texas Wesleyan,TF 11-0
138,Cons. Round 4,Skylur Lewis,Saint Mary,fall,Kinnley Smith,Indiana Tech,Fall 4:48
138,Cons. Round 4,Haley Le,Evergreen State,tech fall,Christina Jaen,Life,TF 11-0
138,Cons. Round 4,Reagen Gallaway,Hastings,tech fall,Esther Han,Providence,TF 10-0
138,Cons. Round 4,Maci Avila,Midland,tech fall,Ruth Jimenez,Cumberlands,TF 10-0
138,Cons. Round 3,Kinnley Smith,Indiana Tech,decision,Zoe Fries,Missouri Baptist,Dec 11-4
138,Cons. Round 3,Haley Le,Evergreen State,fall,Serenity De La Garza,Missouri Valley,Fall 1:29
138,Cons. Round 3,Esther Han,Providence,fall,Makayla Correa,Southern Oregon,Fall 5:47
138,Cons. Round 3,Ruth Jimenez,Cumberlands,decision,Brielle Bibla,Lindsey Wilson,Dec 10-4
138,Quarterfinal,Esther Kolawole,William Penn,tech fall,Christina Jaen,Life,TF 10-0
138,Quarterfinal,Aileen Lester,Ottawa,decision,Skylur Lewis,Saint Mary,Dec 4-0
138,Quarterfinal,Samantha Barragan,Texas Wesleyan,fall,Maci Avila,Midland,Fall 2:26
138,Quarterfinal,Zaynah McBryde,Life,tech fall,Reagen Gallaway,Hastings,TF 14-3
138,Cons. Round 2,Zoe Fries,Missouri Baptist,fall,Emily Neumann,Central Methodist,Fall 2:43
138,Cons. Round 2,Kinnley Smith,Indiana Tech,decision,Lisa Hoeflich,Hastings,Dec 6-3
138,Cons. Round 2,Serenity De La Garza,Missouri Valley,fall,Natalia Posada,Oklahoma City,Fall 5:10
138,Cons. Round 2,Esther Han,Providence,tech fall,Lexi Ritchie,Lindsey Wilson,TF 11-1
138,Cons. Round 2,Ruth Jimenez,Cumberlands,decision,Teani Medeiros-Maielua,William Woods,Dec 6-0
138,Champ. Round 2,Esther Kolawole,William Penn,tech fall,Teani Medeiros-Maielua,William Woods,TF 10-0
138,Champ. Round 2,Christina Jaen,Life,tech fall,Brielle Bibla,Lindsey Wilson,TF 11-0
138,Champ. Round 2,Aileen Lester,Ottawa,decision,Makayla Correa,Southern Oregon,Dec 6-3
138,Champ. Round 2,Skylur Lewis,Saint Mary,fall,Esther Han,Providence,Fall 2:25
138,Champ. Round 2,Samantha Barragan,Texas Wesleyan,fall,Haley Le,Evergreen State,Fall 4:00
138,Champ. Round 2,Maci Avila,Midland,tech fall,Natalia Posada,Oklahoma City,TF 10-0
138,Champ. Round 2,Reagen Gallaway,Hastings,fall,Kinnley Smith,Indiana Tech,Fall 1:26
138,Champ. Round 2,Zaynah McBryde,Life,tech fall,Zoe Fries,Missouri Baptist,TF 11-0
138,Champ. Round 1,Teani Medeiros-Maielua,William Woods,tech fall,Emily Neumann,Central Methodist,TF 10-0
138,Champ. Round 1,Christina Jaen,Life,fall,Lisa Hoeflich,Hastings,Fall 1:40
138,Champ. Round 1,Makayla Correa,Southern Oregon,fall,Serenity De La Garza,Missouri Valley,Fall 4:12
138,Champ. Round 1,Samantha Barragan,Texas Wesleyan,fall,Lexi Ritchie,Lindsey Wilson,Fall 4:25
138,Champ. Round 1,Zaynah McBryde,Life,tech fall,Ruth Jimenez,Cumberlands,TF 10-0
145,1st Place Match,Jamilah McBryde,Life,decision,Jordan Suarez,Wayland Baptist,Dec 9-6
145,3rd Place Match,Kori Campbell,Lindsey Wilson,decision,Holland Wieber,Southern Oregon,Dec 2-1
145,5th Place Match,Madison Diaz,Grand View,decision,Brooke-Lynn Rush,Missouri Valley,Dec 4-0
145,7th Place Match,Hayden Newberg,Indiana Tech,tech fall,Maggie Ortmann,Missouri Baptist,TF 16-4
145,Cons. Semi,Holland Wieber,Southern Oregon,fall,Madison Diaz,Grand View,Fall 0:41
145,Cons. Semi,Kori Campbell,Lindsey Wilson,tech fall,Brooke-Lynn Rush,Missouri Valley,TF 10-0
145,Cons. Round 5,Madison Diaz,Grand View,decision,Maggie Ortmann,Missouri Baptist,Dec 9-1
145,Cons. Round 5,Brooke-Lynn Rush,Missouri Valley,fall,Hayden Newberg,Indiana Tech,Fall 5:10
145,Semifinal,Jordan Suarez,Wayland Baptist,fall,Kori Campbell,Lindsey Wilson,Fall 5:01
145,Semifinal,Jamilah McBryde,Life,decision,Holland Wieber,Southern Oregon,Dec 4-3
145,Cons. Round 4,Maggie Ortmann,Missouri Baptist,fall,Genesis Gilmore,Cumberlands,Fall 1:46
145,Cons. Round 4,Madison Diaz,Grand View,fall,Elise Twait,Providence,Fall 0:27
145,Cons. Round 4,Hayden Newberg,Indiana Tech,decision,Sarina Bertram,Missouri Valley,Dec 5-2
145,Cons. Round 4,Brooke-Lynn Rush,Missouri Valley,decision,Gabriella Perez,Campbellsville,Dec 3-2
145,Cons. Round 3,Maggie Ortmann,Missouri Baptist,fall,Amelia Fawcett,Life,Fall 1:59
145,Cons. Round 3,Elise Twait,Providence,decision,Veil Foreman,Eastern Oregon,Dec 4-1
145,Cons. Round 3,Hayden Newberg,Indiana Tech,fall,Naida Abdijanovic,William Penn,Fall 4:45
145,Cons. Round 3,Brooke-Lynn Rush,Missouri Valley,decision,Emma Stice,Hastings,Dec 9-3
145,Quarterfinal,Jordan Suarez,Wayland Baptist,tech fall,Madison Diaz,Grand View,TF 12-0
145,Quarterfinal,Kori Campbell,Lindsey Wilson,decision,Genesis Gilmore,Cumberlands,Dec 5-3
145,Quarterfinal,Holland Wieber,Southern Oregon,decision,Gabriella Perez,Campbellsville,Dec 5-3
145,Quarterfinal,Jamilah McBryde,Life,tech fall,Sarina Bertram,Missouri Valley,TF 10-0
145,Cons. Round 2,Maggie Ortmann,Missouri Baptist,decision,Bridgette Sotomayor,Doane,Dec 6-2
145,Cons. Round 2,Amelia Fawcett,Life,fall,Alexis Means,Friends,Fall 2:26
145,Cons. Round 2,Veil Foreman,Eastern Oregon,fall,Corin Lowe,Oklahoma City,Fall 3:32
145,Cons. Round 2,Hayden Newberg,Indiana Tech,tech fall,Niah Smith,Waldorf,TF 10-0
145,Cons. Round 2,Brooke-Lynn Rush,Missouri Valley,tech fall,Alyvia Ming,Cumberlands,TF 10-0
145,Champ. Round 2,Jordan Suarez,Wayland Baptist,fall,Emma Stice,Hastings,Fall 1:57
145,Champ. Round 2,Madison Diaz,Grand View,decision,Brooke-Lynn Rush,Missouri Valley,Dec 6-4
145,Champ. Round 2,Kori Campbell,Lindsey Wilson,fall,Niah Smith,Waldorf,Fall 1:57
145,Champ. Round 2,Genesis Gilmore,Cumberlands,decision,Naida Abdijanovic,William Penn,Dec 6-4
145,Champ. Round 2,Gabriella Perez,Campbellsville,decision,Elise Twait,Providence,Dec 10-3
145,Champ. Round 2,Holland Wieber,Southern Oregon,decision,Veil Foreman,Eastern Oregon,Dec 4-0
145,Champ. Round 2,Sarina Bertram,Missouri Valley,tech fall,Alexis Means,Friends,TF 10-0
145,Champ. Round 2,Jamilah McBryde,Life,tech fall,Maggie Ortmann,Missouri Baptist,TF 10-0
145,Champ. Round 1,Jordan Suarez,Wayland Baptist,tech fall,Bridgette Sotomayor,Doane,TF 11-0
145,Champ. Round 1,Madison Diaz,Grand View,decision,Amelia Fawcett,Life,Dec 10-9
145,Champ. Round 1,Niah Smith,Waldorf,decision,Corin Lowe,Oklahoma City,Dec 9-4
145,Champ. Round 1,Holland Wieber,Southern Oregon,decision,Hayden Newberg,Indiana Tech,Dec 6-4
145,Champ. Round 1,Alexis Means,Friends,fall,Alyvia Ming,Cumberlands,Fall 3:59
160,1st Place Match,Mercy Adekuoroye,Wayland Baptist,decision,Shannon Workinger,Evergreen State,Dec 6-3
160,3rd Place Match,Latifah McBryde,Life,fall,Vida Boskovic,Southern Oregon,Fall 2:44
160,5th Place Match,Bo Geibe,Indiana Tech,decision,Hailey Sutton,Providence,Dec 8-2
160,7th Place Match,Micah Fisher-Miller,Cumberlands,fall,Darby Weidl,Ottawa,Fall 2:00
160,Cons. Semi,Vida Boskovic,Southern Oregon,fall,Bo Geibe,Indiana Tech,Fall 1:16
160,Cons. Semi,Latifah McBryde,Life,tech fall,Hailey Sutton,Providence,TF 10-0
160,Cons. Round 5,Vida Boskovic,Southern Oregon,decision,Darby Weidl,Ottawa,Dec 9-7
160,Cons. Round 5,Hailey Sutton,Providence,decision,Micah Fisher-Miller,Cumberlands,Dec 8-0
160,Semifinal,Mercy Adekuoroye,Wayland Baptist,decision,Latifah McBryde,Life,Dec 8-6
160,Semifinal,Shannon Workinger,Evergreen State,decision,Bo Geibe,Indiana Tech,Dec 7-4
160,Cons. Round 4,Vida Boskovic,Southern Oregon,fall,Aspen Dodge,Providence,Fall 1:08
160,Cons. Round 4,Darby Weidl,Ottawa,tech fall,Mohagany Casel,Wayland Baptist,TF 11-0
160,Cons. Round 4,Hailey Sutton,Providence,decision,Sierra Mefford,Cumberlands,Dec 10-2
160,Cons. Round 4,Micah Fisher-Miller,Cumberlands,fall,Allyssa Johnson,Central Methodist,Fall 4:39
160,Cons. Round 3,Vida Boskovic,Southern Oregon,fall,Makayla Munoz,Oklahoma City,Fall 2:33
160,Cons. Round 3,Mohagany Casel,Wayland Baptist,decision,Kylee Tait,Campbellsville,Dec 6-1
160,Cons. Round 3,Sierra Mefford,Cumberlands,decision,Ja`Nya Banks,Midland,Dec 9-1
160,Cons. Round 3,Micah Fisher-Miller,Cumberlands,fall,Berlyn Davis,Westcliff,Fall 0:57
160,Quarterfinal,Latifah McBryde,Life,decision,Darby Weidl,Ottawa,Dec 9-0
160,Quarterfinal,Mercy Adekuoroye,Wayland Baptist,fall,Aspen Dodge,Providence,Fall 1:14
160,Quarterfinal,Bo Geibe,Indiana Tech,decision,Allyssa Johnson,Central Methodist,Dec 9-3
160,Quarterfinal,Shannon Workinger,Evergreen State,decision,Hailey Sutton,Providence,Dec 9-0
160,Cons. Round 2,Vida Boskovic,Southern Oregon,decision,Quilaztli Miguel-Lapham,Southern Oregon,Dec 5-3
160,Cons. Round 2,Makayla Munoz,Oklahoma City,fall,Maria Slaughter,Missouri Valley,Fall 4:50
160,Cons. Round 2,Mohagany Casel,Wayland Baptist,decision,Jayla Ford,Hastings,Dec 4-2
160,Cons. Round 2,Sierra Mefford,Cumberlands,decision,Hailee Crosland,Baker,Dec 6-3
160,Cons. Round 2,Micah Fisher-Miller,Cumberlands,fall,Nicole Olson,Grand View,Fall 1:08
160,Cons. Round 2,Berlyn Davis,Westcliff,fall,Justice Thomas,Ottawa,Fall 2:34
160,Champ. Round 2,Latifah McBryde,Life,fall,Berlyn Davis,Westcliff,Fall 1:03
160,Champ. Round 2,Darby Weidl,Ottawa,decision,Micah Fisher-Miller,Cumberlands,Dec 11-5
160,Champ. Round 2,Aspen Dodge,Providence,fall,Ja`Nya Banks,Midland,Fall 4:32
160,Champ. Round 2,Mercy Adekuoroye,Wayland Baptist,tech fall,Hailee Crosland,Baker,TF 10-0
160,Champ. Round 2,Allyssa Johnson,Central Methodist,decision,Mohagany Casel,Wayland Baptist,Dec 5-2
160,Champ. Round 2,Bo Geibe,Indiana Tech,tech fall,Kylee Tait,Campbellsville,TF 10-0
160,Champ. Round 2,Hailey Sutton,Providence,decision,Maria Slaughter,Missouri Valley,Dec 9-2
160,Champ. Round 2,Shannon Workinger,Evergreen State,tech fall,Vida Boskovic,Southern Oregon,TF 10-0
160,Champ. Round 1,Latifah McBryde,Life,tech fall,Quilaztli Miguel-Lapham,Southern Oregon,TF 11-0
160,Champ. Round 1,Darby Weidl,Ottawa,tech fall,Makayla Munoz,Oklahoma City,TF 10-0
160,Champ. Round 1,Hailee Crosland,Baker,fall,Jayla Ford,Hastings,Fall 1:47
160,Champ. Round 1,Mohagany Casel,Wayland Baptist,decision,Sierra Mefford,Cumberlands,Dec 6-2
160,Champ. Round 1,Maria Slaughter,Missouri Valley,fall,Nicole Olson,Grand View,Fall 0:46
160,Champ. Round 1,Vida Boskovic,Southern Oregon,fall,Justice Thomas,Ottawa,Fall 0:45
180,1st Place Match,Piper Fowler,William Penn,fall,Andjela Prijovic,Grand View,Fall 1:09
180,3rd Place Match,Reka Busa,Life,decision,Kathryn Hingano,Southern Oregon,Dec 6-0
180,5th Place Match,Siara Arrington,Ottawa,decision,Hannah Jackson,Ottawa,Dec 5-0
180,7th Place Match,Saiheron Preciado-Meza,Cumberlands,fall,Autumn Perez,Missouri Valley,Fall 1:38
180,Cons. Semi,Kathryn Hingano,Southern Oregon,fall,Siara Arrington,Ottawa,Fall 4:11
180,Cons. Semi,Reka Busa,Life,tech fall,Hannah Jackson,Ottawa,TF 10-0
180,Cons. Round 5,Siara Arrington,Ottawa,decision,Saiheron Preciado-Meza,Cumberlands,Dec 8-6
180,Cons. Round 5,Hannah Jackson,Ottawa,decision,Autumn Perez,Missouri Valley,Dec 5-2
180,Semifinal,Piper Fowler,William Penn,fall,Reka Busa,Life,Fall 2:30
180,Semifinal,Andjela Prijovic,Grand View,tech fall,Kathryn Hingano,Southern Oregon,TF 12-1
180,Cons. Round 4,Siara Arrington,Ottawa,decision,Diara Pomares,William Penn,Dec 5-0
180,Cons. Round 4,Saiheron Preciado-Meza,Cumberlands,tech fall,Margaret Jordan,Baker,TF 11-0
180,Cons. Round 4,Autumn Perez,Missouri Valley,fall,Ambre Chevreau,Wayland Baptist,Fall 2:02
180,Cons. Round 4,Hannah Jackson,Ottawa,decision,Katelyn Lewis,Lindsey Wilson,Dec 5-0
180,Cons. Round 3,Diara Pomares,William Penn,decision,Kassidy Sigda,Providence,Dec 6-1
180,Cons. Round 3,Margaret Jordan,Baker,fall,Abby Piper,William Woods,Fall 0:52
180,Cons. Round 3,Autumn Perez,Missouri Valley,fall,Bailee Nelson,Friends,Fall 1:07
180,Cons. Round 3,Katelyn Lewis,Lindsey Wilson,fall,Payton Sholander,Wayland Baptist,Fall 3:48
180,Quarterfinal,Reka Busa,Life,fall,Saiheron Preciado-Meza,Cumberlands,Fall 4:03
180,Quarterfinal,Piper Fowler,William Penn,fall,Siara Arrington,Ottawa,Fall 1:53
180,Quarterfinal,Andjela Prijovic,Grand View,decision,Hannah Jackson,Ottawa,Dec 5-2
180,Quarterfinal,Kathryn Hingano,Southern Oregon,fall,Ambre Chevreau,Wayland Baptist,Fall 0:40
180,Cons. Round 2,Margaret Jordan,Baker,decision,Johanna Carrasco,Baker,Dec 1-1
180,Cons. Round 2,Autumn Perez,Missouri Valley,fall,Kenlee Fish,Missouri Baptist,Fall 2:22
180,Cons. Round 2,Payton Sholander,Wayland Baptist,fall,Yazmin Belk,Doane,Fall 1:11
180,Champ. Round 2,Reka Busa,Life,fall,Payton Sholander,Wayland Baptist,Fall 0:44
180,Champ. Round 2,Saiheron Preciado-Meza,Cumberlands,decision,Katelyn Lewis,Lindsey Wilson,Dec 3-1
180,Champ. Round 2,Siara Arrington,Ottawa,decision,Kenlee Fish,Missouri Baptist,Dec 6-3
180,Champ. Round 2,Piper Fowler,William Penn,fall,Bailee Nelson,Friends,Fall 1:46
180,Champ. Round 2,Hannah Jackson,Ottawa,decision,Abby Piper,William Woods,Dec 8-2
180,Champ. Round 2,Andjela Prijovic,Grand View,tech fall,Johanna Carrasco,Baker,TF 11-0
180,Champ. Round 2,Ambre Chevreau,Wayland Baptist,tech fall,Kassidy Sigda,Providence,TF 10-0
180,Champ. Round 2,Kathryn Hingano,Southern Oregon,decision,Diara Pomares,William Penn,Dec 4-3
180,Champ. Round 1,Siara Arrington,Ottawa,fall,Margaret Jordan,Baker,Fall 2:24
180,Champ. Round 1,Andjela Prijovic,Grand View,fall,Autumn Perez,Missouri Valley,Fall 4:11
180,Champ. Round 1,Kathryn Hingano,Southern Oregon,fall,Yazmin Belk,Doane,Fall 1:10
207,1st Place Match,Lillian Gradillas-Flores,Southern Oregon,decision,Haley Ward,Avila,Dec 2-1
207,3rd Place Match,Leilani Sanchez,Wayland Baptist,fall,Carla Campos,Texas Wesleyan,Fall 0:56
207,5th Place Match,Selena Mares,Grand View,fall,Madeline Welch,Life,Fall 3:33
207,7th Place Match,Kylee Lindsley,Ottawa,fall,Hayeni Costa,Lindsey Wilson,Fall 5:57
207,Cons. Semi,Leilani Sanchez,Wayland Baptist,fall,Selena Mares,Grand View,Fall 5:26
207,Cons. Semi,Carla Campos,Texas Wesleyan,decision,Madeline Welch,Life,Dec 4-2
207,Cons. Round 5,Leilani Sanchez,Wayland Baptist,fall,Kylee Lindsley,Ottawa,Fall 2:20
207,Cons. Round 5,Madeline Welch,Life,decision,Hayeni Costa,Lindsey Wilson,Dec 5-4
207,Semifinal,Lillian Gradillas-Flores,Southern Oregon,tech fall,Carla Campos,Texas Wesleyan,TF 12-1
207,Semifinal,Haley Ward,Avila,decision,Selena Mares,Grand View,Dec 3-2
207,Cons. Round 4,Kylee Lindsley,Ottawa,fall,Kena Leonard,Ottawa,Fall 1:00
207,Cons. Round 4,Leilani Sanchez,Wayland Baptist,fall,Faith Wooley,Wayland Baptist,Fall 5:35
207,Cons. Round 4,Hayeni Costa,Lindsey Wilson,decision,Naomi Duenas,Cumberlands,Dec 13-8
207,Cons. Round 4,Madeline Welch,Life,decision,Phoebe Burt,William Penn,Dec 11-2
207,Cons. Round 3,Kylee Lindsley,Ottawa,fall,Madeleine Stone,Baker,Fall 3:57
207,Cons. Round 3,Faith Wooley,Wayland Baptist,fall,Kiona Michel,Eastern Oregon,Fall 1:21
207,Cons. Round 3,Hayeni Costa,Lindsey Wilson,decision,Jessica Rodriguez,Doane,Dec 6-2
207,Cons. Round 3,Phoebe Burt,William Penn,decision,Cheyenne Cruce,Lindsey Wilson,Dec 2-1
207,Quarterfinal,Lillian Gradillas-Flores,Southern Oregon,fall,Leilani Sanchez,Wayland Baptist,Fall 5:08
207,Quarterfinal,Carla Campos,Texas Wesleyan,decision,Kena Leonard,Ottawa,Dec 5-3
207,Quarterfinal,Selena Mares,Grand View,fall,Madeline Welch,Life,Fall 1:21
207,Quarterfinal,Haley Ward,Avila,fall,Naomi Duenas,Cumberlands,Fall 2:31
207,Cons. Round 2,Kylee Lindsley,Ottawa,fall,Destiny Marquez,Cumberlands,Fall 2:07
207,Cons. Round 2,Faith Wooley,Wayland Baptist,fall,Skyler Bruno,Waldorf,Fall 1:59
207,Cons. Round 2,Kiona Michel,Eastern Oregon,fall,Taylor Rickley,Hastings,Fall 4:13
207,Cons. Round 2,Hayeni Costa,Lindsey Wilson,tech fall,Fernanda Canedo,Westcliff,TF 12-2
207,Cons. Round 2,Cheyenne Cruce,Lindsey Wilson,tech fall,Alexis Llamas,Hastings,TF 11-0
207,Champ. Round 2,Lillian Gradillas-Flores,Southern Oregon,fall,Cheyenne Cruce,Lindsey Wilson,Fall 4:53
207,Champ. Round 2,Leilani Sanchez,Wayland Baptist,fall,Phoebe Burt,William Penn,Fall 5:13
207,Champ. Round 2,Kena Leonard,Ottawa,decision,Jessica Rodriguez,Doane,Dec 6-1
207,Champ. Round 2,Carla Campos,Texas Wesleyan,tech fall,Fernanda Canedo,Westcliff,TF 11-1
207,Champ. Round 2,Selena Mares,Grand View,fall,Kiona Michel,Eastern Oregon,Fall 0:43
207,Champ. Round 2,Madeline Welch,Life,fall,Faith Wooley,Wayland Baptist,Fall 1:40
207,Champ. Round 2,Naomi Duenas,Cumberlands,fall,Kylee Lindsley,Ottawa,Fall 2:40
207,Champ. Round 2,Haley Ward,Avila,fall,Madeleine Stone,Baker,Fall 4:15
207,Champ. Round 1,Leilani Sanchez,Wayland Baptist,decision,Destiny Marquez,Cumberlands,Dec 5-3
207,Champ. Round 1,Jessica Rodriguez,Doane,fall,Skyler Bruno,Waldorf,Fall 1:56
207,Champ. Round 1,Carla Campos,Texas Wesleyan,tech fall,Taylor Rickley,Hastings,TF 12-0
207,Champ. Round 1,Selena Mares,Grand View,fall,Hayeni Costa,Lindsey Wilson,Fall 3:00
207,Champ. Round 1,Haley Ward,Avila,tech fall,Alexis Llamas,Hastings,TF 11-0
